protein_id,bucket,prob_ECOFLEX,prob_ECOVIO-FT,prob_Impranil,prob_NR,prob_O-PVA,prob_P(3HB-co-3MP),prob_P3HP,prob_P3HV,prob_P4HB,prob_PA,prob_PBAT,prob_PBS,prob_PBSA,prob_PBSeT,prob_PCL,prob_PE,prob_PEA,prob_PEF,prob_PEG,prob_PES,prob_PET,prob_PHB,prob_PHBH,prob_PHBV,prob_PHBVH,prob_PHO,prob_PHPV,prob_PHV,prob_PLA,prob_PMCL,prob_PPL,prob_PS,prob_PU,prob_PVA,true_ECOFLEX,true_ECOVIO-FT,true_Impranil,true_NR,true_O-PVA,true_P(3HB-co-3MP),true_P3HP,true_P3HV,true_P4HB,true_PA,true_PBAT,true_PBS,true_PBSA,true_PBSeT,true_PCL,true_PE,true_PEA,true_PEF,true_PEG,true_PES,true_PET,true_PHB,true_PHBH,true_PHBV,true_PHBVH,true_PHO,true_PHPV,true_PHV,true_PLA,true_PMCL,true_PPL,true_PS,true_PU,true_PVA
X0001,Easy,6.559725079569034e-06,3.968109922425356e-06,0.004261033609509468,1.4801718180024181e-06,3.256514560234791e-07,4.4191896449774504e-05,9.058906471182127e-06,0.0,7.023209946055431e-06,4.801186878466979e-05,0.03163985162973404,6.686868437100202e-05,9.130778926191851e-05,3.8780112845415715e-06,0.01310934592038393,0.3206859529018402,9.829636837821454e-06,0.0867820680141449,4.616987644112669e-05,0.00015308702131733298,0.15865947306156158,0.0023353726137429476,0.0002620717859826982,4.438168161868816e-06,0.00043094647116959095,1.80949064088054e-05,0.0,4.9491962272441015e-05,0.2080080211162567,0.0,0.0005009883898310363,2.1291995722094725e-07,0.1727355569601059,2.537144064262975e-05,0,0,0,0,0,0,0,0,0,0,0,0,0,0,0,0,0,0,0,0,1,0,0,0,0,0,0,0,0,0,0,0,0,0
X0002,Easy,2.173222490853277e-09,5.789526191790628e-09,0.7768210768699646,4.3895509449498604e-10,2.342710470060183e-10,4.717086085292976e-06,1.899531412163924e-06,0.0,1.0631896429913468e-06,2.9981863658434804e-09,0.0002104752347804606,2.3167139318047703e-08,9.124408784089155e-09,4.574470580109846e-09,0.025440793484449387,0.03268880024552345,1.4458344139711699e-06,0.0012184439692646265,1.0197751976193103e-07,3.837848998955451e-05,0.09960030764341354,0.0006440886063501239,0.00043597136391326785,9.350351319881156e-07,0.0009967494988813996,0.00016165824490599334,0.0,2.2004205675330013e-06,0.029940130189061165,0.0,0.002862141001969576,5.219087384489285e-10,0.028928613290190697,4.233682560084162e-08,0,0,0,0,0,0,0,0,0,0,0,0,0,0,0,1,0,0,0,0,0,0,0,0,0,0,0,0,0,0,0,0,1,0
X0003,Easy,1.9974510934162026e-08,1.7974429056266672e-08,0.03395429253578186,5.896623989087857e-08,1.4888596133744159e-08,1.508731060084756e-07,4.6066057279858796e-07,0.0,3.416867571104376e-07,2.414599578060006e-07,0.0017612449591979384,6.451568879128899e-07,1.3851189351044013e-06,1.861143772430296e-08,0.08389974385499954,0.020098702982068062,4.275147773569188e-07,0.0017917986260727048,3.0457986213150434e-06,0.00013592522009275854,0.173042893409729,0.0007931628497317433,5.6648877944098786e-05,4.264814378984738e-06,0.00010385702626081184,0.0006444642203859985,0.0,4.174967216385994e-07,0.029433034360408783,0.0,0.0002946429012808949,8.584726174376556e-08,0.653977632522583,4.367473707134195e-07,0,0,0,0,0,0,0,0,0,0,0,0,0,0,0,1,0,0,0,0,0,0,0,0,0,0,0,0,0,0,0,0,1,0
X0005,Medium,1.0656720661472718e-07,1.6159831250917023e-09,0.0007564498228020966,2.057812054090391e-08,2.7910502797823256e-09,1.102695534882514e-07,9.19752363159887e-09,0.0,3.4631586487421373e-09,6.136731371952919e-07,0.006418455857783556,4.4982591873576894e-08,1.4026462622496183e-06,2.1867545552112233e-09,0.3451840579509735,0.045355405658483505,1.2368526647321687e-08,1.5311449033106328e-06,4.282645988951117e-07,7.4660874815890566e-06,0.5202746391296387,0.0018476612167432904,0.0005314939771778882,2.0264082195353694e-05,0.001265929313376546,0.00028699374524876475,0.0,1.1038859604184381e-08,0.07053522765636444,0.0,1.0442720110859227e-07,2.8630768866833023e-08,0.007511477917432785,1.6773345379306193e-08,0,0,0,0,0,0,0,0,0,0,0,0,0,0,0,0,0,0,0,0,1,0,0,0,0,0,0,0,0,0,0,0,0,0
X0007,Easy,6.734155249432661e-06,1.4842031248463172e-07,0.00041822774801403284,5.74276953102526e-07,1.2018182360407081e-07,9.475990736973472e-06,1.0547937279170583e-07,0.0,5.302688066421979e-08,3.291514440206811e-05,0.035320132970809937,7.336464477702975e-06,8.253051055362448e-05,1.7748651259807957e-07,0.12031529098749161,0.24548183381557465,1.7233124083304574e-07,0.0007034072186797857,4.190437721263152e-06,3.9586113416589797e-05,0.34516003727912903,0.00354169774800539,0.0004000779299531132,3.11990843329113e-05,0.0008819749928079545,7.513815216952935e-05,0.0,1.2308777286307304e-06,0.22160877287387848,0.0,3.3232402074645506e-06,1.1721802906095036e-07,0.025870516896247864,2.9053287562419428e-06,0,0,0,0,0,0,0,0,0,0,0,0,0,0,0,0,0,0,0,0,1,0,0,0,0,0,0,0,0,0,0,0,0,0
X0008,Easy,0.00011623220052570105,2.9095930585754104e-05,0.00033252150751650333,2.9688378617720446e-06,4.5015562477601634e-07,5.329456689651124e-05,6.021223725838354e-06,0.0,4.16998409491498e-06,0.0005809842841699719,0.06314548850059509,6.343642598949373e-05,0.00042945449240505695,3.725282658706419e-05,0.024319861084222794,0.3395876884460449,5.941937615716597e-06,0.011155382730066776,6.922515603946522e-05,0.00011987396283075213,0.28241080045700073,0.004007637035101652,0.00028827934875153005,3.2417927286587656e-05,0.0005354976747184992,1.5636554962839e-05,0.0,9.612697795091663e-06,0.2442435324192047,0.0,3.5656951240525814e-06,5.761037868978747e-07,0.02837984450161457,1.323238029726781e-05,0,0,0,0,0,0,0,0,0,0,0,0,0,0,0,0,0,0,0,0,1,0,0,0,0,0,0,0,0,0,0,0,0,0
X0013,Hard,8.769674053610288e-08,1.0949517736946746e-08,2.031636358879041e-05,4.613816173559826e-08,1.1157755608337538e-07,5.7936405937653035e-05,3.0267379713677656e-08,0.0,1.8090032583018e-08,5.048536877438892e-06,0.00010834634304046631,1.232420800079126e-06,1.1054761728246376e-07,1.1048010506442552e-08,0.011869718320667744,0.4891999363899231,2.7862350648888423e-08,0.0003304904676042497,8.355605096710406e-09,1.1258207877062887e-07,0.48859894275665283,0.007261193823069334,6.270094218052691e-06,6.571590915882553e-08,1.861712007666938e-05,4.017349226614897e-07,0.0,4.0294286009157076e-05,0.0022058591712266207,0.0,3.0046749088796787e-07,8.118941630108623e-10,0.00027253988082520664,1.8716195882007014e-06,0,0,0,0,0,0,0,0,0,0,0,0,0,0,0,0,0,0,0,0,1,0,0,0,0,0,0,0,0,0,0,0,0,0
X0019,Hard,7.035531479667414e-27,5.916586141141464e-19,4.2427113604362486e-41,1.4715318104191748e-17,5.721946613899827e-18,1.916117669862956e-30,3.2021238959012432e-12,0.0,1.4007153076311951e-11,4.359397280495614e-06,1.8583999085702158e-13,9.508939191604782e-10,8.390957199899685e-13,5.453564943175459e-20,2.6820288212547894e-09,1.2294446605665144e-05,4.365676656986617e-13,6.468880904755901e-29,6.201170806650279e-18,1.5584556214975898e-11,3.5780289842080037e-09,0.9997732043266296,8.563881303544223e-32,7.266672615198477e-13,3.709595355827786e-30,4.077099793168154e-23,0.0,1.1060850287954416e-18,0.00021014531375840306,0.0,3.958376691637029e-37,1.5128367308880897e-11,3.043749930917161e-12,3.7726940011537566e-19,0,0,0,0,0,0,0,0,0,0,0,0,0,0,0,0,0,0,0,0,1,0,0,0,0,0,0,0,0,0,0,0,0,0
X0022,Easy,7.151398762061945e-08,6.710920530395015e-08,1.036015509492394e-10,1.7902716820117348e-07,7.704328197633004e-08,1.0934984473465192e-08,4.163554694969207e-05,0.0,3.650650251074694e-05,0.0007404985371977091,0.004934715107083321,0.00032326020300388336,0.0014588457997888327,4.830699040780928e-08,0.007809748873114586,0.030112694948911667,2.494941327313427e-05,1.1112456377304625e-07,6.116195436334237e-05,0.008587484247982502,0.02112649381160736,0.14543287456035614,5.096781023894437e-07,0.0048609161749482155,1.0241410564049147e-06,3.9002811718091834e-06,0.0,7.186681045823207e-07,0.7742849588394165,0.0,4.859260549494593e-09,1.4758499673916958e-05,0.00014130370982456952,4.397443262860179e-07,0,0,0,0,0,0,0,0,0,0,0,0,0,0,0,0,0,0,0,0,0,0,0,0,0,0,0,0,1,0,0,0,0,0
X0023,Easy,1.887809617073799e-06,1.7575548838522081e-07,0.00015048707427922636,4.190943592163876e-09,1.2050709319311181e-09,1.0851510268139464e-07,1.2858743048127508e-07,0.0,1.8922200695214997e-08,4.5855753683099465e-07,0.59765625,0.0003563557693269104,2.038148340943735e-05,3.26323487342961e-07,0.05797181278467178,0.1345461905002594,7.340622687479481e-08,6.419565579562914e-06,1.9398817130422685e-07,9.164590301224962e-05,0.1972237378358841,0.0005884566344320774,0.0003294861235190183,1.771573693076789e-06,0.0009505612542852759,4.741935754282167e-06,0.0,2.1733124189182718e-09,0.009636841714382172,0.0,1.228999337854475e-07,1.3418957678368315e-07,0.00046113404096104205,1.1176921077549196e-07,0,0,0,0,0,0,0,0,0,0,0,0,0,0,0,0,0,0,0,0,0,0,0,0,0,0,0,0,0,1,0,0,0,0
X0045,Easy,5.123834646839271e-16,1.4391826692514674e-14,2.5338852452100704e-20,2.7444546191190966e-08,2.4552767285968e-07,4.1585042964698005e-08,1.0137081574157492e-07,0.0,3.0160242658894276e-07,1.4517673889713478e-06,3.5537000317269196e-13,2.7825379333989986e-07,7.988555594806712e-09,2.9026065744204056e-15,5.489839168149047e-06,0.000294713769108057,8.251596739228262e-08,5.585066263635863e-12,8.685496983087959e-13,3.804029518050811e-07,9.736131900695e-09,0.9995195865631104,4.0897414612056735e-15,5.882238383492222e-06,1.9511287049456087e-14,7.79497710823307e-09,0.0,0.0001447429385734722,2.64748559857253e-05,0.0,6.572327404530398e-11,5.402826797062943e-11,9.107182230572164e-10,1.6277213887860853e-07,0,0,0,0,0,0,0,0,0,0,0,0,0,0,0,1,0,0,0,0,0,1,0,0,0,0,0,0,0,0,0,0,0,0
X0046,Easy,7.001196289380118e-10,2.9468733231396982e-08,0.011065488681197166,3.749280885756434e-09,2.3110859892483404e-09,6.839836714789271e-06,1.2841607713198755e-05,0.0,1.456166592106456e-05,2.7591275042482266e-08,4.606324000633322e-05,1.058485395333264e-06,1.3323273151399917e-08,1.9889364821779054e-08,0.013251935131847858,0.10222813487052917,7.237879344756948e-06,0.1366775929927826,2.616158667478885e-08,3.207517875125632e-05,0.6977818608283997,0.001609680475667119,2.835356553987367e-06,1.1833391511117952e-07,5.219994818617124e-06,2.353729087190004e-06,0.0,0.00024312867026310414,0.003820771351456642,0.0,0.0005322411889210343,7.770680765517568e-10,0.03265770524740219,8.381933724876944e-08,0,0,0,0,0,0,0,0,0,0,0,0,0,0,0,1,0,0,0,0,0,0,0,0,0,0,0,0,0,0,0,0,1,0
X0048,Easy,5.2964261448851246e-11,1.0183579535194554e-09,0.13306374847888947,2.720632885644392e-10,1.9253514338402056e-09,2.999568593509139e-08,3.097706837706937e-07,0.0,3.3984522929131344e-07,1.2727107145948935e-09,8.106238055916037e-06,1.2071349431153067e-07,1.7439469313096367e-10,9.230891606648584e-10,0.0700572058558464,0.016536029055714607,2.203180144988437e-07,0.0005146875628270209,6.616026393402308e-09,2.9268803700688295e-06,0.762459397315979,0.0005692029371857643,5.853835773450555e-06,9.352684848806803e-09,1.0662737622624263e-05,3.759800165425986e-05,0.0,7.570869001938263e-06,0.0005195463891141117,0.0,6.572631264134543e-06,1.5954906285031711e-09,0.016199909150600433,1.552651163194696e-08,0,0,0,0,0,0,0,0,0,0,0,0,0,0,0,0,0,0,0,0,1,0,0,0,0,0,0,0,0,0,0,0,0,0
X0049,Hard,2.0424868125701323e-06,8.008633813005872e-06,0.01261015422642231,0.0005495410296134651,0.00012238786439411342,1.5270932181010721e-06,0.0024121205788105726,0.0,0.002893863944336772,0.00012325709394644946,0.00018250143330078572,9.84610669547692e-05,6.294909326243214e-06,9.430584213987458e-06,0.15127842128276825,0.017028987407684326,0.0025717727839946747,8.200691809179261e-05,1.400112705596257e-05,0.006527434103190899,0.15432554483413696,0.06261508166790009,0.00016993103781715035,0.00015064993931446224,0.0002911598712671548,0.1465252935886383,0.0,5.411339952843264e-05,0.01151142455637455,0.0,0.00016900256741791964,0.001665072632022202,0.4258226454257965,0.00017791050777304918,0,0,0,0,0,0,0,0,0,0,0,0,0,0,0,0,0,0,0,0,0,0,0,0,0,0,0,0,0,0,0,0,0,1
X0051,Easy,1.458624074388709e-13,6.9243001089847045e-12,0.0028270811308175325,8.48688827548294e-12,1.0975352571218622e-11,1.8497715359444555e-08,5.066006565357384e-07,0.0,5.328780616764561e-07,1.3793043096566038e-10,1.1564740134417661e-06,1.6053592899467617e-09,6.8226587573994024e-12,4.09085352398586e-12,0.019610179588198662,0.04885157570242882,3.054556430015509e-07,0.00018060639558825642,1.8842968851906505e-10,5.667806703968381e-07,0.9249826073646545,0.001357369706965983,4.3414163997113064e-07,3.854275121284445e-09,1.0221617685601814e-06,5.093338018014038e-07,0.0,1.8170194380218163e-05,0.0002553583472035825,0.0,1.3999963812239002e-05,1.2726120504624738e-11,0.0018980186432600021,1.2168605012519151e-10,0,0,0,0,0,0,0,0,0,0,0,0,0,0,0,0,0,0,0,0,1,0,0,0,0,0,0,0,0,0,0,0,0,0
X0053,Easy,7.533065945608541e-05,2.4062870579655282e-05,0.0009123811614699662,2.0746812879224308e-05,4.536179403658025e-06,1.3081687484373106e-06,1.5948533018672606e-06,0.0,1.1264221484452719e-06,0.0004829990793950856,0.11263749748468399,0.00015053909737616777,0.0006942595937289298,3.242991442675702e-05,0.1000145673751831,0.09857227653265,1.42645501455263e-06,0.0010740705765783787,0.00038410225533880293,0.00020583701552823186,0.38217979669570923,0.001838384079746902,0.0003255904885008931,9.27337896428071e-05,0.000511584454216063,0.0006580534391105175,0.0,1.0138761581401923e-06,0.0718049705028534,0.0,3.904328877979424e-07,3.4572465665405616e-05,0.2272469699382782,1.4838635252090171e-05,0,0,0,0,0,0,0,0,0,0,0,0,0,0,0,0,0,0,0,0,1,0,0,0,0,0,0,0,0,0,0,0,0,0
X0054,Easy,6.531306051549279e-10,3.8099676191727383e-10,4.1036575026964783e-08,1.3903016515826039e-09,1.2942571493701482e-11,9.151939189128155e-13,1.0922769355659057e-08,0.0,5.129809022008658e-09,1.4552274478774052e-06,0.9046820402145386,1.2220808685015072e-06,4.630913281289395e-06,4.2925685228567545e-10,0.00023657805286347866,0.03679609298706055,4.475306347728747e-09,7.861245165941e-08,2.040721938101342e-06,1.2822621329178219e-06,0.05286082625389099,4.38785100413952e-05,2.4457727931803674e-07,7.41974170992421e-09,4.286496277927654e-07,3.3497404849924806e-09,0.0,1.492258122626211e-10,0.003338967217132449,0.0,5.446316730939316e-10,3.13403745622054e-07,0.0020297334995120764,5.634688271527466e-10,0,0,0,0,0,0,0,0,0,0,1,0,0,0,0,0,0,0,0,0,0,0,0,0,0,0,0,0,0,0,0,0,0,0
X0061,Easy,6.968247312499898e-09,9.37508470855164e-09,2.459617576278106e-07,7.24824005260416e-08,1.1049684500719081e-09,7.147805125562456e-10,9.468125767853053e-07,0.0,5.340667712516733e-07,1.57420763571281e-05,0.6531895995140076,3.694841871038079e-05,0.00011898239608854055,8.666865447537475e-09,0.002008242765441537,0.22478504478931427,5.183575240153004e-07,3.6701794670079835e-06,1.0852512787096202e-05,6.88026484567672e-05,0.0890214741230011,0.0017600790597498417,3.1697995837021153e-06,2.213814013884985e-06,6.392603609128855e-06,2.375206094029636e-07,0.0,4.1145984397417124e-08,0.02146168053150177,0.0,3.1892651009002293e-07,1.4900510905135889e-06,0.0075026340782642365,5.159829186140996e-08,0,0,0,0,0,0,0,0,0,0,1,0,0,0,0,0,0,0,0,0,0,0,0,0,0,0,0,0,0,0,0,0,0,0
X0064,Medium,2.2901301122146833e-07,6.574919552804204e-06,2.961388361200079e-07,0.003915966022759676,0.0001471183350076899,3.968968798062633e-08,0.0002470780455041677,0.0,0.00029914628248661757,0.04901682958006859,0.005152120720595121,0.0002870031457860023,0.0001537561183795333,5.832693659613142e-06,0.002236891770735383,0.6360576152801514,0.00013607546861749142,2.8741453661496053e-06,0.0007796269492246211,0.000192232895642519,0.007399586029350758,0.03905269131064415,1.766940954439633e-06,4.7662593715358526e-05,3.986521278420696e-06,5.729501572204754e-05,0.0,0.00010051293793367222,0.016722049564123154,0.0,9.313624360629547e-08,0.005385447293519974,0.2324753999710083,0.00011612807429628447,0,0,0,0,0,0,0,0,0,0,0,0,0,0,0,1,0,0,0,0,0,0,0,0,0,0,0,0,0,0,0,0,1,0
X0065,Medium,1.685889344793523e-10,3.949348070797498e-10,1.3131665893562072e-11,1.630603918556517e-07,1.1551278475963045e-06,9.477000601783954e-16,5.11749063264455e-13,0.0,1.1942744970044883e-12,0.003167653689160943,0.0006235273322090507,2.1514315662329864e-08,2.2050194559142255e-08,5.371548206234422e-10,2.153992681996897e-05,8.638065992272459e-06,4.295187523793015e-13,9.492981400960332e-11,0.0002034981589531526,2.4378076446396335e-08,0.0001012778448057361,8.417466119681194e-07,1.0937738909033712e-10,7.742040342151313e-10,2.1330344435188664e-10,6.0753727666451596e-06,0.0,1.487024587666641e-12,0.0001449682895326987,0.0,6.023690389805186e-14,3.662102244561538e-05,0.9956810474395752,2.8912768357258756e-06,0,0,0,0,0,0,0,0,0,0,0,0,0,0,0,0,0,0,0,0,0,0,0,0,0,0,0,0,0,0,0,0,1,0
X0066,Easy,3.4421137051765527e-09,9.48271322576133e-11,6.623477322165172e-10,4.4048129033136263e-10,2.086080223492881e-12,2.4850952459049003e-12,2.2054151560535473e-10,0.0,7.05003277978733e-11,8.993165323545327e-08,0.9166602492332458,3.3587159578019055e-06,0.00022863033518660814,1.4742404519374475e-10,0.0007684809970669448,0.018809685483574867,1.4760129229962615e-10,3.658637837133938e-08,2.6436755007352986e-08,2.2000640456099063e-05,0.05859772488474846,2.0586188838933595e-05,9.541820134018053e-08,4.7076528630896064e-07,2.4582021751484717e-07,4.485322779856915e-09,0.0,2.218796327224659e-12,0.004730382934212685,0.0,8.173752646944976e-11,4.312589751975793e-08,0.0001579297531861812,1.8634971343800544e-10,0,0,0,0,0,0,0,0,0,0,1,0,0,0,0,0,0,0,0,0,0,0,0,0,0,0,0,0,0,0,0,0,0,0
X0072,Easy,4.1243220644249234e-11,4.2810424649708523e-10,0.022084219381213188,1.6130850127860086e-11,2.6729479740694728e-11,1.9663161723859623e-11,7.259547629701046e-08,0.0,4.55469155724586e-08,2.876553883979227e-09,0.001192631316371262,1.578611374952743e-08,6.159329712929207e-10,6.137423902430328e-10,0.03652970865368843,0.0034081118647009134,3.062322662117367e-08,3.5738153201236855e-06,8.797404689175892e-07,4.4624234760703985e-06,0.9094090461730957,6.0277030570432544e-05,1.1747404641937464e-05,4.599904013247169e-09,1.5350169633165933e-05,1.6606720237177797e-05,0.0,6.260781226785639e-09,0.0013538224156945944,0.0,1.052711606774892e-08,3.1198400307630436e-08,0.025909436866641045,2.3077757760336937e-10,0,0,0,0,0,0,0,0,0,0,0,0,0,0,0,0,0,0,0,0,1,0,0,0,0,0,0,0,0,0,0,0,0,0
X0078,Easy,7.386073775705881e-06,1.442311258870177e-06,0.0012557918671518564,3.6274383319323533e-07,7.069105123491681e-08,4.697348776971921e-05,3.404030167075689e-06,0.0,2.4500427571183536e-06,2.355038668611087e-05,0.03184310719370842,2.1463411030708812e-05,9.269227302866057e-05,1.3884838381272857e-06,0.01030674297362566,0.21813331544399261,4.526834345597308e-06,0.03819511830806732,2.0993882571929134e-05,0.00014501053374260664,0.11578097939491272,0.002177364192903042,0.00030895834788680077,6.417787062673597e-06,0.0005961521528661251,1.3223198948253412e-05,0.0,1.201750183099648e-05,0.5087262392044067,0.0,0.00041996699292212725,4.5584460650616165e-08,0.07183880358934402,1.416419672750635e-05,0,0,0,0,0,0,0,0,0,0,0,0,0,0,0,1,0,0,0,0,0,0,0,0,0,0,0,0,1,0,0,0,0,0
X0093,Easy,1.049648653861368e-05,7.746461960778106e-06,0.0013180531095713377,3.556452838893165e-07,4.808579845416716e-08,1.9138971765642054e-05,7.693151928833686e-06,0.0,4.848800017498434e-06,8.007784344954416e-05,0.07224606722593307,1.2286132914596237e-05,7.991061283973977e-05,9.004822459246498e-06,0.017131565138697624,0.33941906690597534,6.816697805334115e-06,0.00628841295838356,0.00010302998271072283,0.000124266734928824,0.1996118724346161,0.0017702640034258366,0.000752720981836319,1.7641470549278893e-05,0.0012875855900347233,1.493666695751017e-05,0.0,4.7189882934617344e-06,0.3246682286262512,0.0,1.2029473509755917e-05,1.8303664717223e-07,0.034988608211278915,2.3359618808171945e-06,0,0,0,0,0,0,0,0,0,0,0,0,0,0,0,0,0,0,0,0,1,0,0,0,0,0,0,0,0,0,0,0,0,0
X0094,Medium,9.91825363598764e-05,9.22673280001618e-06,0.00018055480904877186,2.666723730726517e-07,6.045391387488053e-08,3.969362296629697e-05,2.2062979496695334e-06,0.0,1.2263851658644853e-06,7.634454232174903e-05,0.0853586345911026,4.060401624883525e-05,0.000420315278461203,1.0423022104077972e-05,0.028566615656018257,0.2314937710762024,2.7701191811502213e-06,0.004320884123444557,2.09091704164166e-05,0.00014722828927915543,0.14388532936573029,0.002613125601783395,0.0006596181192435324,3.367218596395105e-05,0.0012760985409840941,8.455733222945128e-06,0.0,1.987215000553988e-06,0.4951658248901367,0.0,3.5100506465823855e-06,8.840244447583245e-08,0.005557818803936243,3.574040874809725e-06,0,0,0,0,0,0,0,0,0,0,0,0,0,0,0,0,0,0,0,0,1,0,0,0,0,0,0,0,0,0,0,0,0,0
X0098,Hard,7.124271311775843e-11,3.499501577408637e-09,1.7462026846715162e-07,6.119911631685682e-06,3.484175067569595e-06,6.288554686761927e-06,3.9763196468811657e-07,0.0,5.444068165161298e-07,7.926786202006042e-05,2.592725422800868e-06,9.867527523965691e-07,2.7677964808958677e-08,2.7272968328162506e-09,0.0005330292624421418,0.9745466113090515,3.930695129383821e-07,4.116905984119512e-05,5.078750220377515e-08,2.658469782090833e-07,0.005629742052406073,0.014596243388950825,2.080784753388798e-07,2.6895708060692414e-07,1.0241268455501995e-06,2.690446990527562e-06,0.0,0.0006916064885444939,0.00015690231521148235,0.0,4.6447559043372166e-07,4.834194200498132e-08,0.0036778124049305916,2.171222513425164e-05,0,0,0,0,0,0,0,0,0,0,0,0,0,0,0,1,0,0,0,0,0,0,0,0,0,0,0,0,0,0,0,0,0,0
X0106,Easy,1.2039479315717472e-06,2.828537390087149e-06,0.006871718447655439,3.7696806884923717e-06,1.0275829254169366e-06,1.913304714662445e-07,3.6204692150931805e-05,0.0,4.013954094261862e-05,9.937081813404802e-06,0.003609098494052887,0.00022688806348014623,0.00010017088061431423,2.740291847658227e-06,0.3054236173629761,0.015163098461925983,2.7483489247970283e-05,0.0018185445806011558,9.678936294221785e-06,0.0021771243773400784,0.44213002920150757,0.003154345788061619,3.778947575483471e-05,3.5384902730584145e-05,4.877108221990056e-05,0.00045420799870043993,0.0,9.72760153672425e-06,0.02301396057009697,0.0,1.3482042049872689e-05,2.369308640481904e-05,0.19555184245109558,1.2569515774885076e-06,0,0,0,0,0,0,0,0,0,0,0,0,0,0,0,0,0,0,0,0,1,0,0,0,0,0,0,0,0,0,0,0,0,0
X0107,Hard,3.421567751349386e-10,3.3464903026469983e-07,0.0037673795595765114,1.4419334866747069e-12,2.113198852016218e-11,3.573070017637292e-08,2.3232960302266292e-05,0.0,1.0719892088673078e-05,1.9170800502621432e-09,0.0016267459141090512,7.37614811896492e-07,1.2674854055205742e-08,5.553130790758587e-07,0.06070652976632118,0.013221674598753452,8.808478924038354e-06,3.295599526609294e-06,2.1754897261416772e-07,0.0044028786942362785,0.9065191149711609,0.000958271964918822,0.0007371131796389818,9.966403740691021e-05,0.001552638947032392,0.0002448189479764551,0.0,7.652693589932369e-09,0.0059755584225058556,0.0,2.3540952298617412e-08,1.8069075125026757e-08,0.0001396901352563873,4.952911969446916e-10,0,0,0,0,0,0,0,0,0,0,0,0,0,0,0,0,0,0,0,0,1,0,0,0,0,0,0,0,0,0,0,0,0,0
X0125,Easy,8.094320236295971e-08,3.755989297360429e-08,0.0012945991475135088,8.754768288099513e-08,5.404417180443488e-08,2.963434724279068e-07,3.558857770258328e-06,0.0,4.173522938799579e-06,3.6996576113779156e-07,0.0003082060720771551,1.187881025543902e-05,2.2099134184827562e-06,3.398668724230447e-08,0.16201013326644897,0.018734905868768692,3.4015060919045936e-06,0.0015030502108857036,8.700135367689654e-08,0.00024586523068137467,0.7862973809242249,0.002063746564090252,9.195372513204347e-06,3.8096441130619496e-06,1.5412397260661237e-05,4.254703890183009e-05,0.0,9.647490514907986e-06,0.014261718839406967,0.0,4.861103207076667e-06,2.5363607392137055e-07,0.013168290257453918,1.2133504867506417e-07,0,0,0,0,0,0,0,0,0,0,0,0,0,0,1,1,0,0,0,0,1,0,0,0,0,0,0,0,0,0,0,0,1,0
X0133,Medium,2.5166861650216532e-11,7.22920656670567e-09,0.27895811200141907,8.492257452807905e-10,8.522328620585995e-09,6.654457540555825e-10,1.3824071629642276e-06,0.0,1.975125996978022e-06,1.8268851986746881e-09,8.691175935382489e-06,4.232833362038946e-06,3.2182659315260764e-10,5.7367337547020725e-09,0.17088790237903595,0.006872608792036772,8.248073299910175e-07,0.0008570552454330027,1.4042773166522693e-08,2.5233484848286025e-05,0.3997575342655182,0.000849495583679527,1.0250317927784636e-06,2.408937271880518e-09,1.877026306829066e-06,7.909433770691976e-05,0.0,5.577756837737979e-06,0.00039933895459398627,0.0,9.426915312360507e-06,1.5930130103924967e-08,0.1412784904241562,5.810950298723583e-08,0,0,0,0,0,0,0,0,0,0,0,0,0,0,0,0,0,0,0,0,1,0,0,0,0,0,0,0,0,0,0,0,0,0
X0134,Hard,1.6598005955770212e-11,1.2438833296712914e-10,1.4298516362032387e-05,2.5853191115698948e-11,4.446677834973878e-12,1.1061902262243795e-12,9.231889919192326e-09,0.0,6.464324631139107e-09,2.5450943574867324e-09,0.005430703982710838,2.830099106176931e-07,5.56898349657331e-09,1.2379755554015048e-10,0.004331206902861595,0.016812259331345558,3.2714084774454477e-09,6.818610813752457e-07,2.174748559014006e-08,1.4402739907382056e-06,0.9710065126419067,8.460161916445941e-05,2.234209119933439e-07,1.154418338700225e-09,3.515306730150769e-07,6.775267991088185e-08,0.0,7.803381274484877e-10,0.0005630797240883112,0.0,2.3071855537182273e-10,4.800757480438733e-08,0.001754220575094223,8.263022210908133e-11,0,0,0,0,0,0,0,0,0,0,0,0,0,0,0,0,0,0,0,0,1,0,0,0,0,0,0,0,0,0,0,0,0,0
X0138,Hard,1.8631583387218598e-08,2.9529473977163434e-07,2.4735691273036764e-10,0.025007829070091248,0.00954397115856409,1.7511291305893906e-09,8.256778528448194e-05,0.0,0.000269451760686934,0.05097775533795357,2.362514578635455e-06,0.007380923256278038,0.00010803474287968129,1.14431891518052e-07,0.015080288052558899,0.009468773379921913,7.975985499797389e-05,4.59549518438962e-08,2.207034958701115e-05,0.002087351167574525,0.00024371394829358906,0.4937528967857361,1.1909068176052529e-09,1.724367029964924e-05,3.223941780206019e-09,0.0007330223452299833,0.0,0.0002967983309645206,0.14406098425388336,0.0,1.9737063539082556e-08,0.21853670477867126,0.019438201561570168,0.0028087992686778307,0,0,0,0,0,0,0,0,0,0,0,0,1,0,1,0,0,0,0,0,0,0,0,0,0,0,0,0,1,0,0,0,0,0
X0148,Easy,9.220125531117507e-12,3.0508862797207215e-11,4.655912100304249e-09,6.1104930004773905e-09,3.6167155030852882e-06,0.000126530765555799,2.361403659278949e-07,0.0,1.1390766729846291e-07,1.5938160231598886e-06,2.3363522814179305e-06,1.804451343900837e-08,5.199191832616634e-08,1.6336385369464246e-11,0.010384867899119854,0.012972453609108925,4.037684107061068e-07,4.564822297936644e-09,6.396250228135614e-06,1.4555945199390408e-05,0.00020447545102797449,0.9509192109107971,0.0007190098986029625,0.013437063433229923,0.001712912693619728,0.007900252006947994,0.0,0.0002991254150401801,0.000911659502889961,0.0,0.00034992085420526564,7.594180395642525e-09,2.1138983356649987e-05,1.196061111841118e-05,0,0,0,0,0,0,0,0,0,0,0,0,0,0,0,0,0,0,0,0,0,1,0,0,0,0,0,0,0,0,0,0,0,0
X0149,Hard,4.8791848712426145e-06,0.0010983601678162813,2.103738188452553e-05,1.2399798833939712e-05,4.7159242967609316e-05,4.562509730021702e-06,0.0010035757441073656,0.0,0.0008833848987706006,0.0021954041440039873,0.012001286260783672,0.0002295430313097313,0.0003644991957116872,0.0011685941135510802,0.037989769130945206,0.015016051009297371,0.0007620412507094443,4.5053961912344676e-06,0.011694877408444881,0.1550936996936798,0.07218722999095917,0.025249747559428215,0.0014627404743805528,0.2719050943851471,0.002135290764272213,0.3013288080692291,0.0,1.5052766002554563e-06,0.06311666965484619,0.0,1.0095054676639847e-06,0.0013079062337055802,0.02157895639538765,0.00012951223470736295,0,0,0,0,0,0,0,1,0,0,0,0,0,0,0,0,0,0,0,0,0,0,0,1,0,0,0,0,0,0,0,0,0,0
X0150,Medium,1.062077092939262e-08,7.49485629114588e-09,7.461564460915782e-13,0.02912301942706108,5.134714228915982e-05,3.825001773649639e-11,1.8258901945955586e-07,0.0,3.248563018587447e-07,0.017663490027189255,6.0465150454547256e-05,6.184486846905202e-05,0.00027001654962077737,4.772141792841467e-09,0.00010381393803982064,0.9146289229393005,1.411437864362597e-07,1.8198957896231605e-09,1.8353803454829176e-07,5.997126777401718e-07,0.0011282822815701365,0.02360638976097107,3.0415309160147785e-10,8.361555501323892e-07,9.908690534743414e-10,1.871128461061744e-07,0.0,8.243481630643146e-08,0.003477981546893716,0.0,5.887059069398237e-12,0.0009881732985377312,0.008815583772957325,1.795629214029759e-05,0,0,0,0,0,0,0,0,0,0,0,0,0,0,0,1,0,0,0,0,0,0,0,0,0,0,0,0,0,0,0,0,0,0
X0152,Easy,1.1214217054966724e-10,3.104100443351854e-08,0.0003392719372641295,2.1844643871560265e-09,1.1078528316943448e-08,2.640560751387966e-06,3.1116093168748193e-07,0.0,5.554915105676628e-07,2.473982130268837e-09,5.204756803323107e-07,1.134963986260118e-05,5.908466493842468e-10,1.6427776472482947e-08,0.00033773513860069215,0.02144748903810978,1.5105003114967985e-07,0.8341979384422302,8.51182319072663e-11,1.8946460045299318e-07,0.1367129683494568,0.00035716022830456495,2.751511241072535e-09,3.5779542523206587e-11,6.651958983638906e-09,6.132830687732849e-09,0.0,0.0005432996549643576,4.7591667680535465e-05,0.0,6.174327427288517e-05,1.4872294368251104e-11,0.005938064772635698,9.252158861272619e-07,0,0,0,0,0,0,0,0,0,0,0,0,0,0,0,0,0,0,0,0,1,0,0,0,0,0,0,0,0,0,0,0,0,0
X0156,Easy,0.0001138145598815754,0.3857637047767639,1.549569788039662e-05,1.2072837307641748e-07,2.7671881071000826e-06,1.398186242340671e-07,4.086436456418596e-05,0.0,7.97977700131014e-05,0.0001686225295998156,0.011316535994410515,0.002112549962475896,5.2252464229241014e-05,0.5839232802391052,0.0017805842217057943,1.552747198729776e-05,5.5645807151449844e-05,2.2517226170748472e-05,9.502364264335483e-07,0.00018217945762444288,0.011390982195734978,0.002435187343508005,4.089642757776346e-08,1.419673623104245e-07,4.613869464265008e-08,3.266855230776855e-07,0.0,6.016553300014493e-08,2.085671258100774e-05,0.0,5.478755782384326e-10,4.1989774217654485e-06,0.0004960602382197976,4.760638603329426e-06,0,1,0,0,0,0,0,0,0,0,1,0,0,1,0,0,0,0,0,0,1,0,0,0,0,0,0,0,0,0,0,0,0,0
X0158,Hard,1.6037080058595166e-05,0.00024044064048212022,1.635634725971613e-05,0.00018568492669146508,0.0011834671022370458,2.1838048269273713e-05,3.059413211303763e-05,0.0,7.456346065737307e-05,0.001150734955444932,6.581520574400201e-05,0.42260146141052246,0.00019738941045943648,0.00022341364820022136,0.030099844560027122,0.02007291652262211,2.6909408916253597e-05,0.10490328818559647,1.3465211168295355e-07,0.0006722353282384574,0.1042831614613533,0.2647683620452881,3.719947372360366e-08,1.5104479871297372e-06,8.772263271339398e-08,3.38518584612757e-05,0.0,0.0004821029433514923,0.013856098055839539,0.0,1.585493009770289e-05,1.0968049537041225e-05,0.01533057913184166,0.019434180110692978,0,0,0,0,0,0,0,0,0,0,0,0,0,0,0,0,0,0,0,0,1,0,0,0,0,0,0,0,0,0,0,0,0,0
X0160,Easy,1.6201703607193751e-12,1.6860480026026359e-12,3.8605750773967884e-07,1.2567695772958132e-09,1.399321436501566e-09,1.4158504924033366e-10,1.231788698818903e-10,0.0,2.314039931894385e-10,1.4530457725925316e-08,1.7065053725673351e-06,3.846609786251065e-07,2.572959345581438e-10,1.3296537265325425e-12,0.007709047291427851,0.06853869557380676,1.22155022208581e-10,3.1008348742034286e-05,6.175856354095899e-11,2.7494804211158907e-09,0.9225348234176636,0.00034756812965497375,1.1341845240764314e-09,2.4037835957835263e-11,3.12382852918347e-09,7.528674572654381e-09,0.0,1.2683582326644682e-06,0.0001285023899981752,0.0,1.2835753571138753e-09,1.3567777457090813e-10,0.0007066216203384101,8.808697771200968e-09,0,0,0,0,0,0,0,0,0,0,0,0,0,0,0,0,0,0,0,0,1,0,0,0,0,0,0,0,0,0,0,0,0,0
X0162,Hard,2.5316332141755993e-08,5.186869156403873e-09,2.1116278730914928e-05,3.332893902552314e-05,5.251211860013427e-06,1.441432639914808e-09,1.0671965355868451e-06,0.0,1.013976770991576e-06,2.2398153305402957e-05,0.0010155693162232637,2.1783641841466306e-06,5.516117653314723e-06,4.888577098682845e-09,0.06820299476385117,0.005019719712436199,8.714458203940012e-07,5.647194711855263e-07,5.676249202224426e-05,0.001523802988231182,0.07794919610023499,0.01291412953287363,1.917040026455652e-05,9.779641550267115e-05,3.927277430193499e-05,0.11556773632764816,0.0,2.7082361953034706e-07,0.022049851715564728,0.0,7.143439688661601e-06,0.00021657803154084831,0.6952114105224609,1.5333627743530087e-05,0,0,0,0,0,0,0,0,0,0,0,0,0,0,0,0,0,0,0,0,0,1,0,0,0,0,0,0,0,0,0,0,0,0
X0164,Medium,1.1692178780720042e-08,4.1820120699753716e-09,2.4620597116609133e-08,0.0021039133425801992,6.556038442795398e-06,1.854831045700056e-11,6.994634649259979e-09,0.0,1.0318489174210299e-08,0.0046659354120492935,0.017194189131259918,3.2932932754192734e-06,1.973407415789552e-05,4.513156515173478e-09,0.00033646964584477246,0.11594779789447784,5.823861393139396e-09,1.3962439027181972e-07,0.00010971097799483687,1.976758170485482e-07,0.0024026092141866684,0.0005775345489382744,3.471610554584004e-08,1.485942533463458e-07,8.727444367195858e-08,7.278511930053355e-06,0.0,3.3945298127946444e-08,0.002914631739258766,0.0,1.3276287846863966e-09,0.0005612931563518941,0.8531371355056763,1.1210120646865107e-05,0,0,0,0,0,0,0,0,0,0,0,0,0,0,0,0,0,0,0,0,0,0,0,0,0,0,0,0,0,0,0,0,1,0
X0168,Hard,2.8873278767882482e-11,9.648072618606562e-11,4.396142117002455e-09,1.4036412721907254e-05,5.830839882037253e-07,1.524072423819689e-09,1.4170372253374808e-07,0.0,2.3830605755392753e-07,2.155908305212506e-06,5.986113364997436e-07,5.664280615746975e-05,2.3514232339039154e-07,4.795338778840197e-11,0.004995838738977909,0.9469164609909058,2.0246000076440396e-07,7.275209554791218e-07,4.2613870765428885e-11,6.548837205855307e-08,0.011243650689721107,0.0361134372651577,1.3454587444172716e-09,2.7423285864358604e-09,5.3724353854534e-09,6.946076069880291e-08,0.0,3.8707094063283876e-05,0.00012798418174497783,0.0,1.9665040706939863e-09,2.0468485217861598e-07,0.00048737405450083315,6.650676027675217e-07,0,0,0,0,0,0,0,0,0,0,0,0,0,0,0,1,0,0,0,0,0,0,0,0,0,0,0,0,0,0,0,0,0,0
X0172,Easy,1.4061461115488783e-06,1.686351424723398e-05,6.10553058777441e-07,2.2487706141660624e-10,5.320883178505653e-10,3.662274997151549e-11,4.3427085074654315e-06,0.0,1.1923852980544325e-06,2.2579803044209257e-05,0.2950693964958191,8.065117071964778e-06,1.624830656510312e-05,3.065001510549337e-05,0.007775778416544199,0.001588942133821547,1.2458179980967543e-06,1.3588394409680404e-08,0.0028532743453979492,0.0018431710777804255,0.6279183030128479,0.0002505603479221463,0.0007107605924829841,0.00011284981883363798,0.0007146272691898048,5.574624810833484e-05,0.0,1.056813317412697e-11,0.06065705046057701,0.0,2.423688333363927e-11,1.1069841093558352e-05,0.0003352471103426069,5.238482980729486e-09,0,0,0,0,0,0,0,0,0,0,1,0,0,0,0,0,0,0,0,0,0,0,0,0,0,0,0,0,0,0,0,0,0,0
X0173,Easy,1.6808403627277535e-12,9.124362723711421e-12,1.5369225891959104e-08,1.0993674550263677e-05,3.492457878451205e-08,1.5079144530250055e-12,1.056223219997321e-09,0.0,9.235027187415312e-10,8.98831567610614e-05,0.0007923311786726117,6.29762419990243e-09,3.138451276640808e-08,9.342022815050921e-12,0.00010328541975468397,0.1222124770283699,5.106831624246411e-10,3.0520496352437476e-08,1.734916804707609e-05,3.160394612677919e-08,0.0011970286723226309,0.0002865889109671116,6.742011393612302e-09,5.257300017547095e-08,2.6837785327415986e-08,7.597135208925465e-06,0.0,1.2923512038298668e-08,0.0007451007841154933,0.0,1.0379694881379464e-09,2.922608928201953e-06,0.8745338916778564,2.589279120002175e-07,0,0,0,0,0,0,0,0,0,0,0,0,0,0,0,0,0,0,0,0,0,0,0,0,0,0,0,0,0,0,0,0,1,0
X0177,Hard,6.063926027977118e-10,3.053255852591974e-07,1.400682680952059e-08,8.30911641575005e-12,1.3054864134165456e-10,3.14518416644205e-07,0.00033060385612770915,0.0,0.00014409987488761544,1.9729401401491486e-07,0.0005588525673374534,2.450615966154146e-06,1.8170921975979581e-06,3.501994001453568e-07,0.019142966717481613,0.3420718312263489,0.0001599466777406633,5.953119952550878e-08,2.7137244273944816e-07,0.01384664885699749,0.42789772152900696,0.11928759515285492,0.00011265400826232508,0.023266268894076347,0.0002571915974840522,5.07774075231282e-06,0.0,4.1903767566964234e-08,0.05291195958852768,0.0,1.0425893481880166e-09,9.7998684722711e-09,7.482877890652162e-07,1.2372296520624104e-09,0,0,0,0,0,0,0,0,0,0,0,1,1,0,1,1,0,0,0,1,0,1,0,0,0,0,0,0,1,0,0,0,0,0
X0180,Medium,5.349594101033972e-09,3.7168442759138998e-06,8.679689199198037e-05,7.280881675342243e-09,6.106250793891377e-08,4.663508298108354e-05,5.048399543738924e-06,0.0,8.702661034476478e-06,1.0122998617134726e-07,2.1303796984284418e-06,5.374375177780166e-05,3.680137083961199e-08,2.7427968234405853e-06,0.0003144398215226829,0.004479090683162212,2.3521251932834275e-06,0.9373819828033447,2.6572828382143143e-09,4.743772024085047e-06,0.052906762808561325,0.0003899094299413264,1.3648868701920946e-08,5.908892042327807e-09,3.207638954449976e-08,2.5650370716334692e-08,0.0,0.0010573376202955842,8.92177049536258e-05,0.0,1.1449363228166476e-05,1.9252339999997758e-10,0.003150712698698044,2.2792144136474235e-06,0,0,0,0,0,0,0,0,0,0,0,1,1,0,0,1,0,0,0,0,1,0,0,0,0,0,0,0,0,0,0,0,0,0
X0183,Medium,2.3403751470141287e-07,5.34822845565941e-07,0.06820493936538696,1.394086126538241e-07,6.273256047961695e-08,3.269755666224228e-07,1.1422091120039113e-05,0.0,9.87265411822591e-06,4.559947228699457e-07,0.0021190422121435404,8.884781891538296e-06,9.83552399702603e-06,6.756218340342457e-07,0.4073839783668518,0.008565772324800491,1.010881987895118e-05,0.0004482281219679862,3.131763833152945e-06,0.0026264996267855167,0.39009755849838257,0.0013917629839852452,0.0002825563424266875,0.00010015533189289272,0.00043268571607768536,0.0031759818084537983,0.0,8.100861350612831e-07,0.023662643507122993,0.0,1.4730918337590992e-05,2.398880951659521e-06,0.09143439680337906,1.3559242972860375e-07,0,0,0,0,0,0,0,0,0,0,0,0,0,0,0,0,0,0,0,0,1,0,0,0,0,0,0,0,0,0,0,0,0,0
X0186,Hard,4.930006181069757e-09,2.1728279619992463e-08,0.00543971499428153,2.395741827143638e-09,3.839367934688198e-09,7.338223362296503e-09,1.4746823580935597e-05,0.0,1.0512698281672783e-05,2.0349400386976413e-08,0.0009837753605097532,2.8451727303036023e-06,2.0858720972682931e-07,2.970527113177468e-08,0.10456207394599915,0.006221848074346781,8.696221811987925e-06,4.188751063338714e-06,4.162077971159306e-07,0.002627250272780657,0.8657169938087463,0.002051167655736208,0.0002660138998180628,1.0315266081306618e-05,0.0003344473661854863,0.00116802251432091,0.0,1.1413342093646861e-07,0.005229203030467033,0.0,8.652669976072502e-07,2.104788791257306e-06,0.005344382952898741,1.1840576519261958e-08,0,0,0,0,0,0,0,0,0,0,0,0,0,0,0,0,0,0,0,0,1,0,0,0,0,0,0,0,0,0,0,0,0,0
X0191,Medium,6.885881020934903e-07,0.000553568999748677,0.8050174117088318,1.507747811047011e-07,1.3991417517900118e-06,3.776523044507485e-06,0.00045398736256174743,0.0,0.0005774270975962281,1.3455671705742134e-06,0.0004888699040748179,4.875380909652449e-05,2.469184607889474e-07,0.0004997529904358089,0.0172309260815382,0.000609087641350925,0.00030810359749011695,0.0030174278654158115,2.5961726350942627e-06,0.0007307205232791603,0.054985467344522476,0.0008616694831289351,4.418987737153657e-05,2.5993773533627973e-07,5.807298293802887e-05,0.000197434303117916,0.0,5.418885484687053e-05,0.00020544411381706595,0.0,4.779691880685277e-05,1.912235802592477e-06,0.1139926090836525,4.8596789383736905e-06,0,0,0,0,0,0,0,0,0,0,0,0,0,0,1,0,0,0,0,0,1,0,0,0,0,0,0,0,0,0,0,0,0,0
X0194,Medium,2.6793637530886372e-08,1.2199118827993516e-05,0.8728505373001099,1.153523498942377e-08,4.8707271105286054e-08,1.979018406927935e-06,5.521698039956391e-05,0.0,6.965277862036601e-05,1.704637853094937e-08,4.1261882870458066e-05,4.863621143158525e-06,7.421063763501934e-09,8.402445928368252e-06,0.0025852913968265057,0.0009031521622091532,3.206875408068299e-05,0.01571277715265751,3.927491221134005e-08,3.537831798894331e-05,0.0407828763127327,0.00019756279652938247,3.663304141809931e-06,2.7129114510415775e-09,5.972835879219929e-06,5.910517302254448e-06,0.0,6.0486305301310495e-05,9.701784438220784e-05,0.0,0.00021484294848050922,1.168466212675412e-08,0.06631765514612198,1.1123255490019801e-06,0,0,0,0,0,0,0,0,0,0,0,0,0,0,0,0,0,0,0,0,1,0,0,0,0,0,0,0,0,0,0,0,0,0
X0197,Hard,1.9982573373766854e-09,2.0302451126524845e-12,1.11137695454986e-13,8.426866770605557e-06,3.5932293940277305e-07,3.4125348082275977e-15,2.678408134117096e-14,0.0,4.817931196685575e-14,0.01257054042071104,0.012702831998467445,4.319552715514874e-08,3.562592246453278e-05,3.2720575381117722e-12,2.48148207901977e-05,0.00012205258826725185,4.0867571100226124e-14,1.1590371717939973e-10,4.619023820850998e-05,4.504966000240529e-08,0.00012157374294474721,3.3698674997140188e-06,1.1013866207942868e-10,4.602746983550787e-08,2.1669366301324544e-10,1.3238527571957093e-06,0.0,3.5288577073487593e-13,0.002128181280568242,0.0,6.732814175972046e-13,6.420813861041097e-06,0.972225546836853,2.595572141217417e-06,0,0,0,0,0,0,0,0,0,0,0,0,0,0,0,0,0,0,1,0,0,0,0,0,0,0,0,0,0,0,0,0,0,0
X0207,Easy,4.9085756472777575e-05,0.00024773331824690104,6.862268833174312e-07,1.5120918988031917e-06,4.095435087947408e-06,3.195216413587332e-05,0.00015730153245385736,0.0,0.00010151899186894298,9.415103704668581e-06,0.00027809161110781133,0.49698105454444885,0.057190194725990295,0.00020380863861646503,0.19733260571956635,0.1175929382443428,0.000162973374244757,0.00020664102339651436,3.1493666341475546e-08,0.06366042047739029,0.01530185341835022,0.020083321258425713,8.153549970302265e-06,0.0005719062755815685,1.87705663847737e-05,1.364676336379489e-05,0.0,3.5686116461874917e-06,0.029718002304434776,0.0,9.313142754763248e-07,2.8931706310686423e-06,3.414166349102743e-05,3.0748236895306036e-05,0,0,0,0,0,0,0,0,0,0,0,0,0,0,1,1,0,0,0,0,1,0,0,0,0,0,0,0,0,0,0,0,0,0
X0210,Medium,5.038145456381926e-10,7.196792921604356e-07,1.2029968274873681e-06,2.5932778147108593e-09,5.385786039369123e-09,1.5579456670057612e-14,9.660834621172398e-08,0.0,8.63693827568568e-08,3.909095175913535e-05,0.008779220283031464,8.555271961085964e-06,2.241852001816369e-07,6.909587000336614e-07,0.09175704419612885,0.0004891075659543276,3.414227833786754e-08,1.4994611774454825e-08,9.60737670538947e-05,5.954908556304872e-05,0.16267617046833038,0.00011525531590450555,1.1670957533738147e-08,2.54216869777224e-09,1.8084367781057153e-08,3.914640728908125e-06,0.0,1.7738863156147033e-10,0.0017325723310932517,0.0,1.0356336014455403e-12,0.00016413343837484717,0.7340761423110962,4.0615839580482316e-09,0,0,0,0,0,0,0,0,0,0,0,0,0,0,1,0,0,0,0,0,0,0,0,0,0,0,0,0,0,0,0,0,1,0
X0215,Medium,2.2234725172154413e-09,1.036917524288583e-06,3.304140818727319e-06,4.194672698076829e-08,5.432131544580443e-08,2.787885482365138e-13,3.628876470429532e-07,0.0,4.0745652540863375e-07,6.833022780483589e-05,0.0025272206403315067,2.8833675969508477e-05,6.632690769947658e-07,9.153915243587107e-07,0.10995197296142578,0.0006254236213862896,1.6641529043681658e-07,1.4030422335054027e-07,6.333105557132512e-05,0.00011741862545022741,0.07265042513608932,0.00022283180442173034,2.0113748888661576e-08,8.744595270115951e-09,3.0562471664552504e-08,1.1031304893549532e-05,0.0,3.394311942628292e-09,0.002361501567065716,0.0,4.8041751132821275e-11,0.00025782393640838563,0.8111066222190857,4.271624476359648e-08,0,0,0,0,0,0,0,0,0,0,0,0,0,0,1,0,0,0,0,0,1,0,0,0,0,0,0,0,0,0,0,0,1,0
X0221,Hard,1.7148664710475714e-07,5.249329859680074e-10,1.5990110101347758e-14,0.030282536521553993,0.0011578253470361233,4.2411691936194984e-08,3.796279290924076e-09,0.0,6.8853140966496085e-09,0.004659879487007856,3.4830093227355974e-06,0.008394877426326275,0.26504987478256226,2.5795648950222017e-10,0.009557737037539482,0.009434223175048828,7.919116029597717e-09,1.0708964381933583e-08,2.5884523413566285e-09,6.725021376041695e-05,0.0003831571666523814,0.6409844160079956,3.007652460418342e-11,0.0001814194692997262,1.5473691772349696e-10,1.693709782557562e-05,0.0,3.740836120869062e-07,0.02848236821591854,0.0,1.937315863287381e-09,1.209416313940892e-05,0.0002740737108979374,0.001057205256074667,0,0,0,0,0,0,0,0,0,0,0,0,0,0,0,0,0,0,0,0,1,0,0,0,0,0,0,0,0,0,0,0,1,0
X0224,Medium,1.3556137901105103e-06,2.9568070658569923e-06,0.0002221363683929667,7.797879334248137e-06,1.7636481288718642e-06,1.318817612627754e-05,4.071177500009071e-06,0.0,5.110960955789778e-06,5.246847285889089e-05,0.009957384318113327,0.0007852251874282956,0.0005978779518045485,2.964198529298301e-06,0.07915908098220825,0.207788348197937,4.136591087444685e-06,0.11083666235208511,4.786408680956811e-06,0.0005230692331679165,0.40084370970726013,0.0042061954736709595,6.511285391752608e-06,3.685856063384563e-05,1.335444176220335e-05,2.472717096679844e-05,0.0,5.0466427637729794e-05,0.031827397644519806,0.0,4.754827750730328e-05,1.054450990523037e-06,0.1529616415500641,1.0086328074976336e-05,0,0,0,0,0,0,0,0,0,0,0,0,0,0,0,0,0,0,0,0,0,0,0,0,0,0,0,0,0,0,0,0,1,0
X0227,Medium,3.826995089184493e-05,0.05000743642449379,0.21107201278209686,8.813435670163017e-06,0.000135746828163974,3.4906519431388006e-05,0.002374079078435898,0.0,0.004172316752374172,0.00018629588885232806,0.003660681191831827,0.004092397168278694,1.4243392797652632e-05,0.05567615479230881,0.059222061187028885,0.0015532351098954678,0.002006538212299347,0.012607887387275696,1.5159005670284387e-05,0.0038858994375914335,0.26415637135505676,0.014034070074558258,2.2803897081757896e-05,2.011025571846403e-06,2.777976078505162e-05,0.0004935188917443156,0.0,0.0003573858120944351,0.0007952069863677025,0.0,1.99192018044414e-05,8.584230818087235e-05,0.3090376555919647,0.00020336137095000595,0,0,0,0,0,0,0,0,0,1,0,0,0,0,0,0,0,0,0,0,1,0,0,0,0,0,0,0,0,0,0,0,0,0
X0237,Medium,5.059475949309444e-09,4.5502793000196107e-07,1.1402514843439349e-07,3.089314191129233e-07,0.00010937622573692352,0.2308478206396103,0.0006238447967916727,0.0,0.0007701514987275004,3.710505916387774e-05,1.0751406307463185e-06,2.059286543953931e-06,1.0344300562792341e-06,2.4834230316628236e-07,0.00271249795332551,0.02326737344264984,0.0007537285564467311,2.2950325728743337e-05,3.2041803024185356e-06,0.0009406981989741325,0.000467808626126498,0.5270635485649109,0.00025951943825930357,0.08996552228927612,0.00037569424603134394,0.0015090415254235268,0.0,0.11652657389640808,0.00043640483636409044,0.0,0.0030602423939853907,4.825081489912009e-08,1.9366925698705018e-05,0.00022219117090571672,0,0,0,0,0,0,0,0,0,0,0,0,0,0,0,0,0,0,0,0,0,1,0,0,0,0,0,0,0,0,0,0,0,0
X0242,Medium,3.935806489607785e-07,1.1645500308077317e-05,0.004325151443481445,2.068754838546738e-06,1.675685962254647e-05,7.177353109000251e-05,0.11815755069255829,0.0,0.12261434644460678,1.0205691978626419e-05,0.00015016368706710637,2.102430516970344e-05,1.8157239765059785e-06,6.5075869315478485e-06,0.15152324736118317,0.016337746754288673,0.11242536455392838,3.599818592192605e-05,0.0004543208342511207,0.01983528956770897,0.010815075598657131,0.32930782437324524,0.03360539302229881,0.0015418656403198838,0.03362080454826355,0.006650678347796202,0.0,0.0064677828922867775,0.015800436958670616,0.0,0.013793167658150196,5.0274149543838575e-05,0.0023226046469062567,2.2636790163232945e-05,0,0,0,0,0,0,0,0,0,0,0,0,0,0,1,1,0,0,0,0,0,1,0,0,0,0,0,1,0,0,0,0,0,0
X0243,Medium,9.353542829160233e-09,3.820666165665898e-07,1.7033076460393204e-07,4.0063157939584926e-05,0.004660538863390684,2.241487493392924e-07,4.99592897540424e-06,0.0,1.0746983207354788e-05,0.0008175901602953672,8.294121471408289e-06,4.648074536817148e-06,2.914337073889328e-07,2.158254659434533e-07,0.00486531900241971,0.00450225779786706,6.876527550048195e-06,5.496895028045401e-08,0.0008229466620832682,0.0005160271539352834,0.0005155256949365139,0.06314874440431595,1.6799625882413238e-05,0.0006847410113550723,1.9981009245384485e-05,0.8976637721061707,0.0,0.00024353137996513397,0.005635449197143316,0.0,1.3193938741551392e-07,0.0012191303540021181,0.010750535875558853,0.003839964745566249,0,0,0,0,0,0,0,0,0,0,0,0,0,0,1,0,0,0,0,0,0,0,0,1,0,0,1,0,0,0,0,0,0,0
X0265,Medium,3.301904598629335e-06,0.00019206134311389178,0.00033096258994191885,3.0115192203084007e-05,0.00020518942619673908,0.00010806403588503599,0.1532192826271057,0.0,0.16666363179683685,0.0002018155064433813,0.00038413365837186575,0.0005022957921028137,6.609725824091583e-05,0.00010688907059375197,0.09251513332128525,0.03154051676392555,0.14524903893470764,4.487047408474609e-05,0.0016778167337179184,0.04431787505745888,0.00831554178148508,0.288215309381485,0.009089985862374306,0.010513090528547764,0.008982174098491669,0.006153138820081949,0.0,0.010567871853709221,0.015935612842440605,0.0,0.0014563414733856916,0.0006033479003235698,0.002646403154358268,0.00016215311188716441,0,0,0,0,0,0,0,0,0,0,0,0,0,0,1,1,0,0,0,0,0,1,0,0,0,0,0,1,0,0,0,0,0,0
X0295,Easy,2.2375774844096696e-10,1.8503021692595212e-07,1.2145404070906807e-05,4.0279199420290013e-10,2.1643387082548315e-09,4.016849743493367e-06,2.942720414012001e-07,0.0,5.546797297029116e-07,4.636339756558527e-09,5.398016469371214e-07,1.4569467566616368e-05,2.829751544197734e-09,1.2107909697078867e-07,0.0001335657580057159,0.0040419637225568295,1.3076697769065504e-07,0.9461472630500793,9.019273522481441e-11,3.687704861476959e-07,0.04835367575287819,0.00011687893857015297,5.83420090016773e-10,1.8317204697471112e-10,1.5683330190086053e-09,8.147119645585121e-10,0.0,0.0001605360594112426,2.355642936890945e-05,0.0,1.464134697926056e-06,6.080109506145792e-12,0.0009880794677883387,1.3347629135296302e-07,0,0,0,0,0,0,0,0,0,0,0,1,0,0,0,1,0,1,0,0,1,0,0,0,0,0,0,0,1,0,0,0,0,0
X0296,Hard,4.87267004523062e-10,8.118832717229907e-09,0.0005824419786222279,7.128085448282473e-12,3.2425426926829815e-11,6.11393227711865e-11,9.076889000425581e-06,0.0,4.898893621430034e-06,1.0011197426607055e-09,0.0009250285802409053,3.1914012765810185e-07,4.0138601775652205e-08,1.2379221203673296e-08,0.057882845401763916,0.0006166418897919357,3.5318973914399976e-06,1.0374171921512243e-07,4.3322208398421935e-07,0.007370955776423216,0.9213682413101196,0.00027165591018274426,0.00020377602777443826,7.705300049565267e-06,0.00024325963750015944,0.0002832011377904564,0.0,1.0495407876121021e-09,0.009749237447977066,0.0,2.618137040499846e-09,4.5313214513953426e-07,0.0004761525196954608,6.279320119428888e-11,0,0,0,0,0,0,0,0,0,0,0,0,0,0,0,0,0,0,0,0,1,0,0,0,0,0,0,0,0,0,0,0,0,0
X0300,Medium,5.111811039563985e-13,4.203188818996178e-15,7.895872883425393e-23,1.6124069857070822e-09,1.1958173118387094e-08,4.458441032980959e-16,9.579655436337458e-17,0.0,4.592462291664679e-16,0.9999876022338867,7.986805661275298e-10,3.508925094930504e-10,4.029114819559254e-10,6.9464020039516905e-15,8.844770471583274e-10,1.2521837788881385e-07,1.0499782032983885e-16,2.4206743041792732e-14,9.855802285407833e-11,2.555904164529277e-13,2.0637884290408692e-08,2.7650510219245916e-06,1.7719017289934623e-18,1.5600412671748498e-12,8.764730497176139e-18,1.4831029199885437e-13,0.0,4.385810833430759e-13,8.988529771158937e-06,0.0,7.046789766195603e-20,2.1752023793286668e-11,1.72780758589397e-07,3.0685367846672307e-07,0,0,0,0,0,0,0,0,0,1,0,0,0,0,0,0,0,0,0,0,0,0,0,0,0,0,0,0,0,0,0,0,0,0
X0326,Hard,1.555195261460085e-08,1.7277758161071688e-05,0.00305583281442523,1.515329195456161e-08,1.0073664213905431e-07,0.00023675193369854242,8.128536137519404e-05,0.0,0.00011516995436977595,1.404267209181853e-07,1.1222456123505253e-05,2.2035792426322587e-05,4.838520695216175e-08,1.2122292901040055e-05,0.0008418452343903482,0.009500100277364254,3.985070361522958e-05,0.8449004292488098,2.3886171263143297e-08,3.1770236091688275e-05,0.12580829858779907,0.0008115956443361938,5.66757421438524e-07,7.184871009258131e-08,1.1937011095142225e-06,5.120251103107876e-07,0.0,0.0026909697335213423,0.00019243187853135169,0.0,0.00012275337940081954,1.4870654707621611e-09,0.011502611450850964,2.988250116686686e-06,0,0,0,0,0,0,0,0,0,0,0,0,0,0,1,0,0,0,0,0,1,0,0,0,0,0,0,0,0,0,0,0,0,0
X0329,Medium,1.835537801753162e-07,1.6871058505785186e-07,0.005904028192162514,4.4419823552743765e-07,3.3382608677356984e-08,5.02032087013049e-08,8.891555580703425e-07,0.0,6.005934096720011e-07,1.1558527148736175e-06,0.00655121635645628,3.239345005567884e-06,3.269423541496508e-05,2.3164280094079004e-07,0.37664735317230225,0.009043685160577297,8.395065833610715e-07,5.055357905803248e-05,6.266652235353831e-06,0.0013239734107628465,0.36147645115852356,0.00107188883703202,0.00015286006964743137,0.000223261522478424,0.00025385123444721103,0.004371182061731815,0.0,4.0696104264270616e-08,0.03140433132648468,0.0,2.3495017558161635e-06,3.3442008771089604e-06,0.20147275924682617,9.953915736105046e-08,0,0,0,0,0,0,0,0,0,0,0,0,0,0,0,0,0,0,0,0,1,0,0,0,0,0,0,0,0,0,0,0,0,0
X0336,Hard,3.6831710992982073e-16,4.237634283990279e-18,1.0467226851051758e-16,2.3241973678977956e-08,4.233603745351644e-10,1.2634388180084056e-20,3.4122368660427623e-19,0.0,3.8139072411984456e-19,1.545920349599328e-05,2.2123093003756367e-05,6.472319425201989e-13,3.216084620838444e-10,7.194997293359771e-18,1.254990564802938e-07,9.509681149211247e-06,4.166224143600094e-19,4.330594009208013e-15,5.744855968714546e-08,8.656477227739212e-13,1.120350248129398e-06,2.381356978276017e-08,1.2791064018244976e-14,2.1387219252544387e-12,5.920916832996212e-14,2.2071640515264335e-08,0.0,3.069688429007967e-17,2.326741196156945e-06,0.0,2.2928292497579293e-16,6.329398782867202e-09,0.9999492168426514,4.69654581891632e-09,0,0,0,0,0,0,0,0,0,0,0,0,0,0,0,0,0,0,0,0,0,0,0,0,0,0,0,0,0,0,0,0,1,0
X0337,Medium,3.138154403004023e-09,5.8077849196536135e-09,4.927097307927397e-08,1.0319073595610462e-08,2.3415410396410152e-05,0.061968300491571426,2.4063970158749726e-06,0.0,1.133594537350291e-06,6.51444634058862e-06,9.199545274896082e-06,9.592062042429461e-07,1.621527417228208e-06,3.1289799640177307e-09,0.021231308579444885,0.02519589476287365,4.1355533539899625e-06,4.295575024571008e-07,4.9433779167884495e-06,0.00020877871429547668,0.0006995682488195598,0.784912645816803,0.005891880020499229,0.0690196305513382,0.013680420815944672,0.006423209793865681,0.0,0.002449728548526764,0.0025353808887302876,0.0,0.0053672632202506065,9.218518393083741e-09,1.0444611689308658e-05,0.00035075569758191705,0,0,0,0,0,0,0,0,0,0,0,0,0,0,1,0,0,0,0,0,0,0,0,0,0,0,0,0,0,0,0,0,0,0
X0343,Hard,4.4073506102288926e-14,1.402487067453384e-13,3.67655161426228e-07,9.637676941232076e-13,9.543066207054474e-14,3.958827081256e-13,2.0963776548033053e-10,0.0,1.661296517019295e-10,9.422838204153905e-11,0.00016184065316338092,1.579333819279327e-08,6.550406050909174e-11,9.18076853147036e-14,0.0012687509879469872,0.06486737728118896,1.022371284853385e-10,2.4724687364141573e-07,3.082106098117876e-11,1.0367227964991343e-08,0.9333769679069519,0.00011307343083899468,3.734719200565451e-09,2.200422483111808e-11,1.0933947081070983e-08,7.400250967570798e-10,0.0,8.120411010281714e-10,0.00010726568143581972,0.0,7.332553314531864e-11,4.7760271432162327e-11,0.00010408291564090177,4.323923163962462e-12,0,0,0,0,0,0,0,0,0,0,0,0,0,0,0,0,0,0,0,0,1,0,0,0,0,0,0,0,0,0,0,0,0,0
X0344,Hard,2.2217196601559408e-05,0.0035024734679609537,2.092903741868213e-06,0.0023464260157197714,0.0044372910633683205,4.95237202358112e-07,0.003995710518211126,0.0,0.006612799130380154,0.07809119671583176,0.0006940918392501771,0.003672428661957383,0.0009332760819233954,0.0027824677526950836,0.029949383810162544,0.006179952993988991,0.003318185219541192,2.6918405637843534e-06,0.001802978222258389,0.21530383825302124,0.018199816346168518,0.20879165828227997,7.793862096150406e-06,0.00953574851155281,1.0455121810082346e-05,0.1789749264717102,0.0,1.661363785387948e-05,0.07619749754667282,0.0,2.7524541224011045e-07,0.05456281080842018,0.08723416179418564,0.002818181412294507,0,0,0,0,0,0,0,0,0,0,0,0,1,0,1,0,0,0,0,0,0,0,0,0,0,0,0,0,1,0,0,0,0,0
X0350,Hard,3.150946577079594e-05,6.142249185359105e-05,6.04220304012415e-07,0.00017196663247887045,0.001774655538611114,0.004156783223152161,0.00014865172852296382,0.0,0.00019368981884326786,0.009927402250468731,0.0003067123470827937,0.005826200824230909,0.006765534169971943,5.978619083180092e-05,0.04131418094038963,0.02655872143805027,0.0001886428362922743,0.0015715425834059715,0.00013827365182805806,0.06085590645670891,0.022827375680208206,0.4701739251613617,4.8365476686740294e-05,0.1933027058839798,9.169335680780932e-05,0.03589705750346184,0.0,0.0008515437948517501,0.09626214951276779,0.0,6.204034434631467e-05,3.891285814461298e-05,0.003024181816726923,0.017367899417877197,0,0,0,0,0,0,0,0,0,0,0,0,1,0,1,0,0,0,0,1,0,0,0,1,0,0,0,0,1,0,0,0,0,0
X0354,Hard,2.1698682850512796e-09,2.3877204657907214e-09,9.65063190960791e-06,1.3825662392719096e-08,2.6045734458080005e-08,4.4171669100201427e-10,2.0571985004380622e-08,0.0,2.0981012482934602e-08,1.1886638731084531e-06,0.005660926457494497,1.3782451787847094e-05,4.137691860250925e-07,2.223665251932516e-09,0.01946759596467018,0.043423354625701904,1.3280144095517699e-08,7.716765139775816e-06,1.343530357189593e-06,7.383323918475071e-06,0.9208017587661743,0.0005372812738642097,3.4977979339601006e-06,3.504235124296429e-08,5.524988864635816e-06,3.537527163643972e-06,0.0,2.984593834298721e-07,0.0044401902705430984,0.0,7.510418953415865e-09,1.8872857481255778e-06,0.005612222943454981,1.9733300860025338e-07,0,0,0,0,0,0,0,0,0,0,0,0,0,0,0,0,0,0,0,0,1,0,0,0,0,0,0,0,0,0,0,0,0,0
X0361,Medium,1.6231781543862844e-11,1.0883963869057212e-10,4.3505664848453307e-07,1.5299731259688087e-08,1.649423097660474e-06,1.186637018690817e-05,1.1688283848343417e-05,0.0,8.303591130243149e-06,3.8355776155185595e-07,1.0169778761337511e-06,8.22527113086835e-08,5.651671575179762e-09,4.8328719498558215e-11,0.03144927695393562,0.04707116261124611,1.2526860700745601e-05,2.7028214333313372e-08,1.951226749952184e-06,2.845125891326461e-05,0.0009713947074487805,0.9100428223609924,0.0006392092909663916,0.0003241006925236434,0.0011970496270805597,0.004404720384627581,0.0,0.0019500614143908024,0.0016958600608631968,0.0,0.0001308751670876518,5.875287456547085e-08,4.165092468610965e-05,3.327452077428461e-06,0,0,0,0,0,0,0,0,0,0,0,1,0,0,1,0,0,0,0,1,1,1,0,0,0,0,0,0,1,0,0,0,0,0
X0365,Hard,0.00011449132580310106,8.499311661580577e-05,6.898579158587381e-05,8.522191023985215e-07,5.563681497733342e-07,9.790818694455083e-06,0.0003909258230123669,0.0,0.00029574218206107616,1.7832642697612755e-05,0.05902833491563797,0.011774973943829536,0.02427992783486843,0.00010868546087294817,0.14837554097175598,0.010755245573818684,0.0004620795079972595,0.00034730523475445807,1.9888819224433973e-05,0.4709567427635193,0.059468016028404236,0.006291291210800409,0.001530338078737259,0.01973061077296734,0.002329959999769926,0.00037387950578704476,0.0,2.6217799131700303e-06,0.18263199925422668,0.0,2.9179240300436504e-05,1.0536572517594323e-05,0.0005047399899922311,3.855137947539333e-06,0,0,0,0,0,0,0,0,0,0,0,0,0,0,0,0,0,0,0,0,0,0,0,0,0,0,0,0,1,0,0,0,0,0
X0374,Hard,2.714029889716585e-08,2.2713635416948819e-07,0.0005787750124000013,1.9225347980267316e-09,6.28405274483157e-08,1.4586016732209828e-06,3.4364877592452103e-06,0.0,2.0839893295487855e-06,3.858622790176014e-07,0.0015323418192565441,1.4583346228391747e-06,8.26276448151475e-07,3.5970404610452533e-07,0.08517846465110779,0.0006678141071461141,2.8306137664912967e-06,6.188303814269602e-06,1.7451142412028275e-05,0.06825828552246094,0.08480742573738098,0.004818291403353214,0.0032406419049948454,0.022902177646756172,0.006730242166668177,0.7016586065292358,0.0,6.503172755856212e-08,0.016161132603883743,0.0,2.444130223011598e-05,4.314863701893046e-07,0.003400036133825779,4.012185854662675e-06,0,0,0,0,0,0,0,0,0,0,1,0,0,0,0,0,0,0,0,0,0,0,0,0,0,0,0,0,0,0,0,0,0,0
X0381,Hard,1.2327242870924238e-07,1.929282007040456e-06,4.909547351417132e-05,0.0001766890345606953,5.006365609006025e-05,3.956348155043088e-05,0.005917322356253862,0.0,0.007781813386827707,0.0001281107688555494,4.7306239139288664e-05,0.00021635388839058578,1.5290350347640924e-05,1.1406964404159226e-06,0.031224580481648445,0.11334777623414993,0.0047829970717430115,0.00028340861899778247,6.894418675074121e-06,0.024646390229463577,0.017571181058883667,0.6962493062019348,2.7105135814053938e-05,0.003699281020089984,4.407051528687589e-05,0.03570493310689926,0.0,0.0011652355315163732,0.03774947300553322,0.0,0.0017165961908176541,5.551713547902182e-05,0.017044253647327423,0.0002561112050898373,0,0,0,0,0,0,0,0,0,0,0,0,1,0,1,0,0,0,0,0,0,0,0,0,0,0,0,0,1,0,0,0,0,0
X0383,Medium,1.0802589933689433e-08,1.5077452530931623e-07,1.135129143459146e-11,2.980499812110793e-05,1.4984608242230024e-05,4.237056669062489e-13,1.6931565038902363e-09,0.0,3.6253571256139594e-09,0.5492591857910156,0.0008183308527804911,3.667427108666743e-07,5.800026201541186e-07,2.014584907783501e-07,7.207783710327931e-06,0.00012091937969671562,1.0176504083858617e-09,7.080941388792894e-10,0.0005987684708088636,3.0757121294300305e-07,5.957683970336802e-05,5.895663707633503e-05,2.0442178505497566e-10,6.225312887409018e-08,4.2688780288457906e-10,5.658479949488537e-06,0.0,3.459364461555481e-10,0.001153092016465962,0.0,7.405424472424482e-13,9.889266220852733e-05,0.4477180540561676,5.4953994549578056e-05,0,0,0,0,0,0,0,0,0,1,0,0,0,0,0,0,0,0,0,0,0,0,0,0,0,0,0,0,0,0,0,0,1,0
X0386,Hard,1.3908440913736053e-13,5.60273940956868e-13,6.406931734280474e-13,1.568854247901985e-11,2.3778157923009212e-14,2.785061546268638e-20,1.6261617830082287e-08,0.0,4.5012589211523846e-09,2.279112550240825e-06,0.16335928440093994,1.6217169829246814e-08,6.072177427540737e-09,6.278601770437486e-13,5.813530151499435e-05,0.7686150670051575,2.6055511082034855e-09,4.814289971451918e-14,2.985252933740412e-08,1.3849655644548875e-08,0.06171359121799469,6.479094008682296e-05,5.2390140836688914e-11,3.553765897008898e-13,2.2143231692695053e-10,2.0174729671151165e-13,0.0,1.1065324004300159e-13,0.00431229779496789,0.0,8.261549913115232e-18,1.785180529623176e-06,0.0018728303257375956,2.5779310530347176e-14,0,0,0,0,0,0,0,0,0,0,0,1,1,0,0,0,0,0,0,0,0,0,0,0,0,0,0,0,0,0,0,0,0,0
X0387,Medium,9.325175354124582e-11,4.781251394803121e-09,4.6461337888104026e-08,3.951817416236736e-05,3.887200819008285e-07,4.305160394846297e-11,3.5306322843098314e-07,0.0,2.86044212316483e-07,0.0016625805292278528,0.002912645461037755,3.6571307759913907e-07,7.424617365359154e-07,4.3157952767103325e-09,0.00044204239384271204,0.31773558259010315,1.372300744151289e-07,1.1155320578382089e-07,0.00025595456827431917,2.407283773209201e-06,0.003318826435133815,0.0019087283872067928,8.753274016726209e-08,2.403411599516403e-06,2.86207381350323e-07,2.95739846478682e-05,0.0,3.476252743439545e-07,0.0035675319377332926,0.0,1.4370961087806222e-09,6.450540240621194e-05,0.6680535674095154,1.0151715059691924e-06,0,0,0,0,0,0,0,0,0,0,0,0,0,0,0,0,0,0,0,0,0,0,0,0,0,0,0,0,0,0,0,0,1,0
X0388,Hard,5.957977167181383e-11,2.8818423342125143e-11,3.206377385822634e-08,1.2743624243968105e-13,1.375855402914808e-13,5.084375303589239e-13,2.853567160343573e-09,0.0,6.139092567636339e-10,3.3260940668355943e-09,0.01871272176504135,5.92561599788155e-09,1.3569252388379027e-08,4.084876534249382e-11,0.0008888175361789763,0.0027813096530735493,7.523122125263626e-10,1.7660667372965122e-10,1.9844958387693623e-07,3.400172545298119e-06,0.9728336930274963,3.138050306006335e-05,1.8941071175504476e-05,7.873322260820714e-08,2.720671363931615e-05,4.6327972569315534e-08,0.0,2.8944557254467762e-12,0.004698514007031918,0.0,3.526387623749294e-13,1.4291913430497516e-08,3.560496907084598e-06,2.046249888282281e-12,0,0,0,0,0,0,0,0,0,0,0,0,0,0,0,0,0,0,0,0,0,0,0,0,0,0,0,0,0,0,0,0,1,0
X0404,Medium,1.1723144677233677e-10,4.677138057819323e-15,7.717822093479833e-17,0.9999159574508667,8.88855495873031e-08,1.1735988900065603e-17,1.1927780743897602e-14,0.0,4.1017258762664904e-14,9.938205039361492e-06,1.4446017715386006e-08,6.2634981645715015e-09,1.347736855450421e-07,7.347203595032322e-15,6.075588743215121e-08,1.0982675121340435e-05,2.816761140468898e-14,3.205535880138055e-14,7.345921830895219e-13,2.3192165961131994e-13,1.2851698727445182e-07,7.271146841958398e-06,1.2554625729507693e-16,2.1240313381829662e-13,3.817381087510487e-16,6.852921008437818e-11,0.0,9.713957475855281e-14,9.382801522406226e-07,0.0,2.7122932001280597e-16,4.210116003378062e-06,5.025534119340591e-05,3.191367881072438e-08,0,0,0,1,0,0,0,0,0,0,0,0,0,0,0,0,0,0,0,0,0,0,0,0,0,0,0,0,0,0,0,0,0,0
X0406,Hard,4.150163022131892e-06,0.0002828810829669237,4.5806654469515706e-08,0.00019493559375405312,5.8449451898923144e-05,6.542570645251544e-07,0.02154211327433586,0.0,0.02799059823155403,0.0022959511261433363,5.170360236661509e-05,0.029159516096115112,0.0020397158805280924,0.00015319359954446554,0.029759684577584267,0.017962591722607613,0.016169754788279533,9.527544534648769e-06,6.156195127005049e-07,0.09062207490205765,0.013945672661066055,0.6727498173713684,6.724857115614213e-08,0.001647362601943314,1.63288859766908e-07,6.758312520105392e-05,0.0,7.505745452363044e-05,0.07168900966644287,0.0,1.1810013234025973e-07,0.0007446184754371643,0.0007427458185702562,3.966071381000802e-05,0,0,0,0,0,0,0,0,0,0,0,0,0,0,1,0,0,0,0,1,0,0,0,0,0,0,0,0,1,0,0,0,0,0
X0416,Hard,7.229645149209318e-08,1.7888682123157196e-05,2.0125871742493473e-05,1.7347034919623638e-09,4.332278535912337e-08,1.2384115954944264e-08,0.0007166631985455751,0.0,0.0003255986957810819,3.8405332816182636e-06,0.00825699232518673,0.00012214196613058448,2.3942382540553808e-05,2.385481639066711e-05,0.07036036252975464,0.015632323920726776,0.000262252549873665,4.4188982428750023e-07,0.0002878487284760922,0.10309837758541107,0.6867460012435913,0.004499020520597696,0.0018302041571587324,0.002558643463999033,0.0025675040669739246,0.0017002725508064032,0.0,6.594856927222281e-08,0.10013706982135773,0.0,8.730714817772878e-09,7.702655420871451e-05,0.0007314284448511899,5.572854888669099e-08,0,0,0,0,0,0,0,0,0,0,0,0,0,0,0,0,0,0,0,0,1,0,0,0,0,0,0,0,0,0,0,0,0,0
X0419,Hard,2.450527628039545e-12,9.387948046984257e-14,2.8065152979372954e-10,2.9844220534869237e-06,1.824704121133891e-08,6.823269163222512e-14,3.395012352844229e-12,0.0,1.9439994319164766e-12,1.8767279470921494e-05,0.005217829253524542,3.817688387641738e-09,3.2744517852734134e-07,9.858735057705417e-14,0.00013425278302747756,0.015324955806136131,3.1304368819373707e-12,8.479655311255385e-10,5.588804924627766e-06,4.254003371784165e-09,0.0006068517686799169,0.00011440159141784534,2.590627934395684e-09,1.2994192388759984e-08,9.258763533637193e-09,2.472615960869007e-06,0.0,1.2148809735990085e-10,0.0002764881355687976,0.0,2.965086620676516e-09,1.2960839512743405e-06,0.9782936573028564,1.5555683319234959e-07,0,0,0,0,0,0,0,0,0,0,0,1,1,0,1,0,0,0,0,0,0,0,0,0,0,0,0,0,0,0,0,0,0,0
X0434,Hard,9.585950699886325e-09,7.12276403191936e-07,0.005565666127949953,1.5808749864731908e-08,1.7181091038764862e-07,1.1855975401431351e-07,0.001610463485121727,0.0,0.0013089884305372834,9.261121931558591e-07,0.0004981041420251131,1.0957752238027751e-05,9.495102517576015e-07,7.323649811041832e-07,0.20456519722938538,0.00998395774513483,0.0008494979119859636,2.0230840164003894e-05,5.890945249120705e-05,0.13061557710170746,0.4684392511844635,0.014494288712739944,0.0017364977393299341,0.0013332875678315759,0.002499381313100457,0.07813967764377594,0.0,4.485616045712959e-06,0.05498567596077919,0.0,1.6899486581678502e-05,2.937636054411996e-05,0.023229552432894707,3.7330346458475105e-07,0,0,0,0,0,0,0,0,0,0,0,0,0,0,0,0,0,0,0,0,1,0,0,0,0,0,0,0,0,0,0,0,0,0
X0437,Medium,1.20664437643081e-12,1.275918259935338e-11,2.9993651651238906e-07,1.4066076303720365e-08,3.507126848489861e-06,2.994752037466242e-07,1.0896651474467944e-05,0.0,1.8822554920916446e-05,1.8228958253985184e-07,6.513908346050812e-08,2.2272200794759556e-07,1.0173599462870442e-10,4.148072076798348e-12,0.06550285965204239,0.06384249776601791,1.2830444575229194e-05,7.242712740662682e-08,1.5020981436464353e-07,3.3290707506239414e-06,0.001947119482792914,0.7253521680831909,2.030705400102306e-05,6.835190902165778e-07,3.400567948119715e-05,0.00011437974899308756,0.0,0.14191895723342896,0.0011684232158586383,0.0,1.1110265404568054e-05,8.554592767495706e-08,3.37793244398199e-05,2.81821144199057e-06,0,0,0,0,0,0,1,0,1,0,0,0,0,0,0,1,1,0,0,1,0,1,0,0,0,0,0,0,0,0,0,0,0,0
X0444,Hard,2.9002778911130234e-12,7.594949842648635e-12,5.066084812939409e-13,0.0065351747907698154,0.005714378785341978,6.252530909472628e-14,1.4645234677757024e-11,0.0,4.9363652054879026e-11,0.011607998982071877,7.0733544816903304e-06,9.749758646648843e-06,4.4937593202121207e-07,3.0819639375290198e-12,0.00052334473002702,0.029506681486964226,2.741365988379041e-11,4.396594893707473e-11,6.896295417391229e-06,6.680832775884937e-09,0.00010199701500823721,0.009274724870920181,1.3753622372936203e-11,4.8167980715163594e-09,4.698038139072658e-11,0.00019135714683216065,0.0,1.7312004274572246e-07,0.0012855862732976675,0.0,4.1253038311761525e-12,0.0028309884946793318,0.9303272366523743,0.0020761534105986357,0,0,0,0,0,0,0,0,0,0,0,0,0,0,0,1,0,0,0,0,0,0,0,0,0,0,0,0,0,0,0,0,0,0
