epoch,split,where,space,N,D,norm_mean,std_mean,cos_mu,cos_std,energy_top1
1,train,protein,raw,10,128,0.991254,0.019944,0.951412,0.015968,0.376223
1,train,plastic,raw,10,128,1.042533,0.034059,0.854132,0.040200,0.262811
1,train,protein,raw,10,128,0.948275,0.015606,0.964845,0.015191,0.330486
1,train,plastic,raw,10,128,1.001435,0.032885,0.852452,0.045884,0.231856
1,val,protein,raw,10,128,1.039550,0.015607,0.968674,0.018868,0.553691
1,val,plastic,raw,10,128,0.634626,0.017673,0.886506,0.129534,0.823904
1,val,protein,raw,10,128,0.974722,0.017672,0.960945,0.028044,0.445832
1,val,plastic,raw,10,128,0.650570,0.027733,0.742889,0.217224,0.675005
2,train,protein,raw,10,128,1.023909,0.021806,0.942979,0.022234,0.370688
2,train,plastic,raw,10,128,0.785193,0.058502,0.248658,0.156199,0.251846
2,train,protein,raw,10,128,0.992981,0.017961,0.955587,0.021499,0.405296
2,train,plastic,raw,10,128,0.804827,0.059428,0.273319,0.176944,0.229905
2,val,protein,raw,10,128,1.491151,0.016267,0.984632,0.009282,0.526905
2,val,plastic,raw,10,128,1.474330,0.091805,0.293509,0.741094,0.936101
2,val,protein,raw,10,128,1.404911,0.019295,0.980559,0.014151,0.516362
2,val,plastic,raw,10,128,1.414217,0.055476,0.716011,0.335500,0.926335
3,train,protein,raw,10,128,1.456658,0.020865,0.977927,0.009568,0.487155
3,train,plastic,raw,10,128,1.246833,0.097106,0.089206,0.500960,0.652150
3,train,protein,raw,10,128,1.514652,0.022153,0.980721,0.007942,0.570740
3,train,plastic,raw,10,128,1.293126,0.091006,0.293372,0.595947,0.676232
3,val,protein,raw,10,128,2.545596,0.018413,0.994710,0.003201,0.484468
3,val,plastic,raw,10,128,2.571035,0.055944,0.903114,0.191789,0.984510
3,val,protein,raw,10,128,2.411645,0.024562,0.993287,0.004917,0.691184
3,val,plastic,raw,10,128,2.529743,0.064974,0.849458,0.296111,0.974315
4,train,protein,raw,10,128,2.449539,0.024770,0.992675,0.003835,0.656727
4,train,plastic,raw,10,128,2.597042,0.030632,0.981696,0.008955,0.372932
4,train,protein,raw,10,128,2.502407,0.018396,0.994097,0.002914,0.388416
4,train,plastic,raw,10,128,2.636899,0.121512,0.607161,0.765465,0.968553
4,val,protein,raw,10,128,3.415929,0.020271,0.997037,0.001796,0.525863
4,val,plastic,raw,10,128,3.608187,0.006818,0.999490,0.000368,0.564348
4,val,protein,raw,10,128,3.256568,0.029407,0.996266,0.002740,0.779218
4,val,plastic,raw,10,128,3.606468,0.007986,0.999277,0.000589,0.499816
5,train,protein,raw,10,128,3.349484,0.035832,0.995416,0.001957,0.770963
5,train,plastic,raw,10,128,3.353286,0.143481,0.619570,0.752263,0.978691
5,train,protein,raw,10,128,3.291280,0.024727,0.996761,0.000812,0.645745
5,train,plastic,raw,10,128,3.376818,0.058266,0.968584,0.054406,0.906753
5,val,protein,raw,10,128,3.519614,0.019684,0.997146,0.001740,0.468423
5,val,plastic,raw,10,128,3.700484,0.008121,0.999325,0.000586,0.651851
5,val,protein,raw,10,128,3.397189,0.028879,0.996484,0.002570,0.768596
5,val,plastic,raw,10,128,3.707756,0.008049,0.999359,0.000567,0.655444
6,train,protein,raw,10,128,3.316018,0.028190,0.995574,0.002275,0.682910
6,train,plastic,raw,10,128,3.575888,0.174582,0.602849,0.791260,0.990650
6,train,protein,raw,10,128,3.403100,0.025117,0.996324,0.001154,0.618103
6,train,plastic,raw,10,128,3.639193,0.023072,0.995067,0.002243,0.328256
6,val,protein,raw,10,128,3.395869,0.018912,0.996860,0.001925,0.413991
6,val,plastic,raw,10,128,3.479173,0.010373,0.999241,0.000984,0.881952
6,val,protein,raw,10,128,3.307116,0.027655,0.996166,0.002788,0.742777
6,val,plastic,raw,10,128,3.466517,0.015268,0.997752,0.002283,0.773022
7,train,protein,raw,10,128,3.311632,0.021283,0.996517,0.001722,0.526659
7,train,plastic,raw,10,128,3.338446,0.027859,0.991603,0.008331,0.482734
7,train,protein,raw,10,128,3.407325,0.031141,0.996005,0.001856,0.759776
7,train,plastic,raw,10,128,3.414128,0.020388,0.995755,0.003496,0.475003
7,val,protein,raw,10,128,3.344416,0.018541,0.996678,0.002047,0.445263
7,val,plastic,raw,10,128,3.451044,0.017853,0.997643,0.001837,0.841425
7,val,protein,raw,10,128,3.283369,0.027170,0.995951,0.002927,0.723776
7,val,plastic,raw,10,128,3.370046,0.026832,0.994525,0.007288,0.914166
8,train,protein,raw,10,128,3.304565,0.022842,0.995730,0.001798,0.551050
8,train,plastic,raw,10,128,3.276091,0.167018,0.595402,0.788668,0.971660
8,train,protein,raw,10,128,3.207904,0.026129,0.995791,0.001868,0.666683
8,train,plastic,raw,10,128,3.257224,0.173712,0.599309,0.792634,0.987136
8,val,protein,raw,10,128,3.332572,0.018622,0.996536,0.002155,0.477039
8,val,plastic,raw,10,128,2.987971,0.045986,0.984928,0.016979,0.969039
8,val,protein,raw,10,128,3.299574,0.027217,0.995768,0.003036,0.707264
8,val,plastic,raw,10,128,2.869133,0.174452,0.581941,0.769746,0.970974
9,train,protein,raw,10,128,3.171829,0.026410,0.994969,0.001977,0.582414
9,train,plastic,raw,10,128,2.770420,0.066546,0.957635,0.043684,0.917134
9,train,protein,raw,10,128,3.268950,0.033156,0.995157,0.002778,0.797443
9,train,plastic,raw,10,128,2.423634,0.126420,0.597187,0.752937,0.960840
9,val,protein,raw,10,128,3.425040,0.019342,0.996582,0.002163,0.517391
9,val,plastic,raw,10,128,2.788728,0.180331,0.580321,0.753974,0.967107
9,val,protein,raw,10,128,3.420578,0.027629,0.995888,0.002924,0.698746
9,val,plastic,raw,10,128,2.624960,0.177584,0.551849,0.726643,0.965793
10,train,protein,raw,10,128,3.517445,0.024022,0.996498,0.002392,0.673869
10,train,plastic,raw,10,128,2.377476,0.165785,0.521412,0.675170,0.947243
10,train,protein,raw,10,128,3.480424,0.028215,0.995222,0.001909,0.633861
10,train,plastic,raw,10,128,2.717913,0.186822,0.495241,0.708946,0.944969
10,val,protein,raw,10,128,3.392110,0.019859,0.996338,0.002363,0.550176
10,val,plastic,raw,10,128,2.562817,0.181018,0.502980,0.691526,0.941836
10,val,protein,raw,10,128,3.412807,0.027775,0.995592,0.003118,0.677056
10,val,plastic,raw,10,128,2.694053,0.099171,0.858518,0.205729,0.979414
11,train,protein,raw,10,128,3.340831,0.026387,0.994401,0.002731,0.492761
11,train,plastic,raw,10,128,2.209975,0.109198,0.795301,0.176925,0.875878
11,train,protein,raw,10,128,3.423190,0.027169,0.994549,0.002498,0.581572
11,train,plastic,raw,10,128,2.472145,0.159487,0.565964,0.726925,0.942458
11,val,protein,raw,10,128,3.362334,0.020700,0.996046,0.002630,0.589704
11,val,plastic,raw,10,128,2.481510,0.166087,0.607392,0.728509,0.982924
11,val,protein,raw,10,128,3.410047,0.027986,0.995290,0.003324,0.657108
11,val,plastic,raw,10,128,2.628628,0.190154,0.536025,0.695332,0.947535
12,train,protein,raw,10,128,3.291423,0.022630,0.996176,0.001962,0.486562
12,train,plastic,raw,10,128,2.798218,0.088408,0.906579,0.100819,0.899738
12,train,protein,raw,10,128,3.390532,0.021930,0.995330,0.002129,0.440366
12,train,plastic,raw,10,128,2.652412,0.186879,0.534978,0.698567,0.953817
12,val,protein,raw,10,128,3.285303,0.021763,0.995534,0.003093,0.633740
12,val,plastic,raw,10,128,2.952477,0.100421,0.871773,0.186763,0.973061
12,val,protein,raw,10,128,3.364625,0.028101,0.994776,0.003691,0.630947
12,val,plastic,raw,10,128,3.305928,0.220880,0.474679,0.734328,0.945393
13,train,protein,raw,10,128,3.234725,0.020671,0.995519,0.002421,0.505173
13,train,plastic,raw,10,128,3.154035,0.073677,0.953107,0.054615,0.893562
13,train,protein,raw,10,128,3.372178,0.026153,0.995770,0.002889,0.597396
13,train,plastic,raw,10,128,3.154399,0.100629,0.893767,0.133185,0.924195
13,val,protein,raw,10,128,3.377584,0.023146,0.995525,0.003196,0.668663
13,val,plastic,raw,10,128,4.187136,0.080775,0.961576,0.059239,0.937755
13,val,protein,raw,10,128,3.481153,0.028687,0.994885,0.003621,0.626097
13,val,plastic,raw,10,128,4.209222,0.234840,0.573961,0.781172,0.960255
14,train,protein,raw,10,128,3.414819,0.033402,0.993500,0.002972,0.575588
14,train,plastic,raw,10,128,4.347394,0.038500,0.990405,0.008975,0.692056
14,train,protein,raw,10,128,3.394742,0.024950,0.995352,0.002475,0.504422
14,train,plastic,raw,10,128,4.084345,0.060312,0.982527,0.016377,0.820310
14,val,protein,raw,10,128,3.292687,0.024555,0.994876,0.003815,0.705520
14,val,plastic,raw,10,128,3.724952,0.199791,0.556982,0.751052,0.907225
14,val,protein,raw,10,128,3.427748,0.028723,0.994305,0.004065,0.606018
14,val,plastic,raw,10,128,3.896049,0.098642,0.933991,0.088022,0.968534
15,train,protein,raw,10,128,3.259525,0.027231,0.994518,0.002955,0.623400
15,train,plastic,raw,10,128,3.778154,0.063976,0.974537,0.025531,0.863321
15,train,protein,raw,10,128,3.321510,0.024171,0.993738,0.003620,0.518061
15,train,plastic,raw,10,128,3.792758,0.218801,0.554850,0.759575,0.929819
15,val,protein,raw,10,128,3.237192,0.026277,0.994108,0.004629,0.738096
15,val,plastic,raw,10,128,4.046920,0.089964,0.940216,0.098079,0.896618
15,val,protein,raw,10,128,3.400430,0.029044,0.993685,0.004575,0.591825
15,val,plastic,raw,10,128,4.227622,0.107788,0.902969,0.171843,0.930897
16,train,protein,raw,10,128,3.356524,0.026506,0.994561,0.002731,0.417536
16,train,plastic,raw,10,128,4.289695,0.227380,0.587745,0.783487,0.953806
16,train,protein,raw,10,128,3.315448,0.030976,0.992445,0.004570,0.516736
16,train,plastic,raw,10,128,3.936656,0.228744,0.535141,0.754223,0.912396
16,val,protein,raw,10,128,3.196104,0.027921,0.993284,0.005543,0.759965
16,val,plastic,raw,10,128,4.132133,0.116852,0.899178,0.147092,0.964206
16,val,protein,raw,10,128,3.381457,0.029726,0.992910,0.005252,0.594079
16,val,plastic,raw,10,128,4.143171,0.251251,0.521786,0.749918,0.929724
17,train,protein,raw,10,128,3.304012,0.030738,0.990985,0.005704,0.595782
17,train,plastic,raw,10,128,3.930628,0.241157,0.512789,0.738744,0.902332
17,train,protein,raw,10,128,3.316245,0.028389,0.993088,0.004508,0.746000
17,train,plastic,raw,10,128,4.198486,0.232852,0.577629,0.781600,0.948857
17,val,protein,raw,10,128,3.108270,0.029827,0.991992,0.006941,0.783397
17,val,plastic,raw,10,128,3.632709,0.082243,0.960405,0.038593,0.975562
17,val,protein,raw,10,128,3.316903,0.030175,0.991856,0.006182,0.607486
17,val,plastic,raw,10,128,3.687292,0.253299,0.446492,0.702089,0.906218
18,train,protein,raw,10,128,3.128641,0.034532,0.990817,0.005400,0.525346
18,train,plastic,raw,10,128,3.429364,0.242981,0.408535,0.676835,0.908034
18,train,protein,raw,10,128,3.133003,0.029670,0.992156,0.004567,0.522714
18,train,plastic,raw,10,128,3.574997,0.238832,0.418339,0.756333,0.921000
18,val,protein,raw,10,128,3.054097,0.031541,0.990899,0.008148,0.801123
18,val,plastic,raw,10,128,4.282225,0.058657,0.983506,0.017310,0.944975
18,val,protein,raw,10,128,3.285253,0.030805,0.990942,0.007025,0.632649
18,val,plastic,raw,10,128,3.980489,0.161575,0.760346,0.322514,0.956008
19,train,protein,raw,10,128,3.154978,0.031183,0.989847,0.008299,0.603328
19,train,plastic,raw,10,128,3.719180,0.126057,0.866654,0.157441,0.901521
19,train,protein,raw,10,128,3.267431,0.035382,0.989426,0.007469,0.708128
19,train,plastic,raw,10,128,3.868605,0.250276,0.438818,0.758371,0.928036
19,val,protein,raw,10,128,3.097604,0.032827,0.990529,0.008680,0.808445
19,val,plastic,raw,10,128,4.079175,0.091592,0.955240,0.050576,0.932590
19,val,protein,raw,10,128,3.341139,0.031565,0.990610,0.007402,0.646572
19,val,plastic,raw,10,128,3.569368,0.137132,0.869219,0.148288,0.953113
20,train,protein,raw,10,128,3.348640,0.027399,0.991192,0.006237,0.769285
20,train,plastic,raw,10,128,3.603566,0.147170,0.808514,0.254822,0.933220
20,train,protein,raw,10,128,3.152784,0.029049,0.991484,0.005284,0.625606
20,train,plastic,raw,10,128,3.595167,0.250165,0.431038,0.682749,0.890993
20,val,protein,raw,10,128,3.115033,0.034071,0.990334,0.008893,0.819164
20,val,plastic,raw,10,128,4.834313,0.030709,0.996122,0.003868,0.898571
20,val,protein,raw,10,128,3.379859,0.032143,0.990468,0.007556,0.666907
20,val,plastic,raw,10,128,4.539258,0.106402,0.939996,0.079412,0.951479
21,train,protein,raw,10,128,3.310030,0.034275,0.988087,0.009091,0.680903
21,train,plastic,raw,10,128,4.358294,0.249839,0.548083,0.760767,0.927117
21,train,protein,raw,10,128,3.378915,0.031740,0.989190,0.008476,0.756294
21,train,plastic,raw,10,128,4.003400,0.253399,0.486724,0.722904,0.883599
21,val,protein,raw,10,128,3.074719,0.035378,0.989271,0.010099,0.828171
21,val,plastic,raw,10,128,4.245315,0.261100,0.526712,0.740547,0.937210
21,val,protein,raw,10,128,3.353046,0.032769,0.989573,0.008410,0.686475
21,val,plastic,raw,10,128,4.271352,0.130685,0.880366,0.178678,0.951863
22,train,protein,raw,10,128,3.193568,0.032298,0.988726,0.007465,0.638081
22,train,plastic,raw,10,128,3.711365,0.122809,0.882618,0.123233,0.890790
22,train,protein,raw,10,128,3.246842,0.036749,0.987478,0.009282,0.827479
22,train,plastic,raw,10,128,3.853094,0.250632,0.474222,0.689946,0.926526
22,val,protein,raw,10,128,3.055750,0.036316,0.988661,0.010777,0.834029
22,val,plastic,raw,10,128,5.005734,0.285356,0.535496,0.758831,0.905770
22,val,protein,raw,10,128,3.345096,0.033334,0.989006,0.008953,0.702815
22,val,plastic,raw,10,128,4.578703,0.143620,0.875361,0.148923,0.903893
23,train,protein,raw,10,128,3.166327,0.042599,0.987413,0.008020,0.756769
23,train,plastic,raw,10,128,4.445408,0.118294,0.899899,0.171416,0.920539
23,train,protein,raw,10,128,3.233645,0.032311,0.989999,0.007015,0.727819
23,train,plastic,raw,10,128,4.227015,0.160922,0.821656,0.179339,0.926706
23,val,protein,raw,10,128,3.043236,0.037727,0.987791,0.011776,0.842732
23,val,plastic,raw,10,128,4.888556,0.143472,0.880287,0.189798,0.931260
23,val,protein,raw,10,128,3.347964,0.033842,0.988453,0.009508,0.716515
23,val,plastic,raw,10,128,4.852118,0.294940,0.500557,0.739303,0.886993
24,train,protein,raw,10,128,3.331586,0.032554,0.986780,0.011709,0.811107
24,train,plastic,raw,10,128,4.517151,0.320976,0.366509,0.672015,0.868919
24,train,protein,raw,10,128,3.294255,0.035869,0.988063,0.007389,0.497381
24,train,plastic,raw,10,128,4.525561,0.263689,0.550658,0.758503,0.911404
24,val,protein,raw,10,128,2.967215,0.039167,0.986116,0.013623,0.851900
24,val,plastic,raw,10,128,4.726304,0.099868,0.956889,0.052984,0.909752
24,val,protein,raw,10,128,3.285703,0.034351,0.987241,0.010651,0.734498
24,val,plastic,raw,10,128,4.572858,0.115278,0.919553,0.130960,0.971778
25,train,protein,raw,10,128,3.162797,0.037283,0.985189,0.011909,0.712897
25,train,plastic,raw,10,128,4.461503,0.270854,0.536201,0.736312,0.929318
25,train,protein,raw,10,128,3.118425,0.034806,0.988577,0.008438,0.694795
25,train,plastic,raw,10,128,4.131842,0.171210,0.788806,0.303285,0.874359
25,val,protein,raw,10,128,2.932673,0.040109,0.985590,0.014077,0.857475
25,val,plastic,raw,10,128,4.698350,0.141550,0.916511,0.094686,0.840700
25,val,protein,raw,10,128,3.267397,0.034787,0.986757,0.011076,0.748802
25,val,plastic,raw,10,128,5.033153,0.125796,0.924887,0.092540,0.898045
26,train,protein,raw,10,128,3.126293,0.039770,0.984998,0.011801,0.852792
26,train,plastic,raw,10,128,4.655087,0.280905,0.544294,0.750670,0.910222
26,train,protein,raw,10,128,2.970766,0.043127,0.982802,0.012631,0.649966
26,train,plastic,raw,10,128,4.623580,0.250911,0.577050,0.775215,0.953022
26,val,protein,raw,10,128,2.925881,0.041000,0.984729,0.015092,0.859633
26,val,plastic,raw,10,128,5.280996,0.333612,0.372776,0.806419,0.933572
26,val,protein,raw,10,128,3.267676,0.035195,0.986093,0.011767,0.757675
26,val,plastic,raw,10,128,4.898860,0.166345,0.837628,0.196350,0.815053
27,train,protein,raw,10,128,3.220285,0.032772,0.988592,0.007568,0.716069
27,train,plastic,raw,10,128,4.710404,0.314782,0.356271,0.817470,0.950638
27,train,protein,raw,10,128,3.216359,0.034302,0.989907,0.009763,0.851418
27,train,plastic,raw,10,128,5.352330,0.293971,0.574692,0.780477,0.933797
27,val,protein,raw,10,128,2.913416,0.041874,0.983674,0.016367,0.863171
27,val,plastic,raw,10,128,4.728361,0.216502,0.600110,0.611276,0.778978
27,val,protein,raw,10,128,3.257777,0.035785,0.985325,0.012567,0.766128
27,val,plastic,raw,10,128,4.889141,0.307620,0.491775,0.708076,0.908370
28,train,protein,raw,10,128,3.131751,0.036105,0.985236,0.012435,0.810952
28,train,plastic,raw,10,128,4.767190,0.134824,0.917605,0.094794,0.841589
28,train,protein,raw,10,128,3.112109,0.036210,0.984938,0.011388,0.648609
28,train,plastic,raw,10,128,5.104264,0.325411,0.349143,0.826865,0.924791
28,val,protein,raw,10,128,2.915574,0.042325,0.983228,0.016878,0.863125
28,val,plastic,raw,10,128,5.179999,0.310909,0.540479,0.756461,0.922650
28,val,protein,raw,10,128,3.261557,0.036315,0.984756,0.013131,0.773396
28,val,plastic,raw,10,128,5.178645,0.256967,0.549029,0.689284,0.852626
29,train,protein,raw,10,128,3.228094,0.039836,0.979980,0.015241,0.766317
29,train,plastic,raw,10,128,5.069936,0.174363,0.840431,0.197865,0.903376
29,train,protein,raw,10,128,3.069059,0.038689,0.984394,0.010433,0.664695
29,train,plastic,raw,10,128,5.241717,0.334436,0.325229,0.885488,0.965569
29,val,protein,raw,10,128,3.018117,0.042267,0.984611,0.015393,0.861912
29,val,plastic,raw,10,128,5.433753,0.142230,0.910101,0.142585,0.871614
29,val,protein,raw,10,128,3.367278,0.036499,0.985746,0.012233,0.770387
29,val,plastic,raw,10,128,5.085856,0.145236,0.889606,0.134746,0.733218
30,train,protein,raw,10,128,3.116267,0.045838,0.978040,0.017154,0.777977
30,train,plastic,raw,10,128,5.022181,0.326678,0.461649,0.687769,0.816952
30,train,protein,raw,10,128,3.357723,0.035989,0.986280,0.014193,0.823469
30,train,plastic,raw,10,128,5.118108,0.339907,0.303414,0.910907,0.970390
30,val,protein,raw,10,128,3.000956,0.042339,0.983854,0.016305,0.859411
30,val,plastic,raw,10,128,5.550542,0.330291,0.514507,0.746198,0.882689
30,val,protein,raw,10,128,3.342525,0.037168,0.984659,0.013306,0.778997
30,val,plastic,raw,10,128,5.054844,0.237712,0.550571,0.659909,0.787940
31,train,protein,raw,10,128,3.170112,0.040494,0.981408,0.014337,0.714480
31,train,plastic,raw,10,128,4.884598,0.240092,0.518629,0.654765,0.792826
31,train,protein,raw,10,128,3.205861,0.044094,0.984226,0.013195,0.856569
31,train,plastic,raw,10,128,5.769045,0.307056,0.585510,0.786478,0.958224
31,val,protein,raw,10,128,2.991193,0.042485,0.983299,0.016964,0.857697
31,val,plastic,raw,10,128,5.318339,0.251958,0.546155,0.746154,0.893068
31,val,protein,raw,10,128,3.328974,0.037670,0.983836,0.014118,0.785102
31,val,plastic,raw,10,128,4.945999,0.316410,0.446034,0.688057,0.939303
32,train,protein,raw,10,128,3.161020,0.033572,0.989655,0.007077,0.692938
32,train,plastic,raw,10,128,4.303463,0.279317,0.216274,0.757199,0.858625
32,train,protein,raw,10,128,3.230623,0.038989,0.981289,0.017569,0.714756
32,train,plastic,raw,10,128,5.257470,0.172224,0.815282,0.301102,0.797618
32,val,protein,raw,10,128,2.966963,0.042802,0.983090,0.017040,0.860158
32,val,plastic,raw,10,128,5.574859,0.277766,0.564641,0.747091,0.870035
32,val,protein,raw,10,128,3.314038,0.037927,0.983579,0.014312,0.790961
32,val,plastic,raw,10,128,5.451739,0.258444,0.584973,0.739050,0.891165
33,train,protein,raw,10,128,3.199155,0.046850,0.976631,0.017612,0.784438
33,train,plastic,raw,10,128,4.728318,0.264593,0.474566,0.676307,0.792264
33,train,protein,raw,10,128,3.127361,0.043650,0.983583,0.013062,0.782450
33,train,plastic,raw,10,128,5.177232,0.098389,0.944312,0.073999,0.607563
33,val,protein,raw,10,128,3.017422,0.042697,0.983424,0.016789,0.857123
33,val,plastic,raw,10,128,5.873685,0.265360,0.582424,0.762857,0.922205
33,val,protein,raw,10,128,3.356824,0.038177,0.983598,0.014362,0.790559
33,val,plastic,raw,10,128,5.313104,0.259815,0.549182,0.731787,0.809270
34,train,protein,raw,10,128,3.283759,0.046073,0.977090,0.020095,0.849884
34,train,plastic,raw,10,128,5.847165,0.382065,0.278630,0.916758,0.949396
34,train,protein,raw,10,128,3.145283,0.042141,0.984595,0.010777,0.748884
34,train,plastic,raw,10,128,5.646642,0.387285,0.250480,0.885729,0.911060
34,val,protein,raw,10,128,3.029006,0.043039,0.983033,0.017303,0.857367
34,val,plastic,raw,10,128,5.945279,0.390450,0.267949,0.902337,0.924863
34,val,protein,raw,10,128,3.366395,0.038632,0.983138,0.014845,0.794619
34,val,plastic,raw,10,128,5.811639,0.353171,0.485923,0.722540,0.870811
35,train,protein,raw,10,128,3.312110,0.043348,0.980035,0.015638,0.864452
35,train,plastic,raw,10,128,5.672500,0.364003,0.272910,0.885297,0.950863
35,train,protein,raw,10,128,3.175547,0.049850,0.974282,0.021518,0.721757
35,train,plastic,raw,10,128,5.417307,0.227439,0.741121,0.321800,0.860850
35,val,protein,raw,10,128,3.095541,0.042799,0.984203,0.015940,0.857070
35,val,plastic,raw,10,128,5.838091,0.373327,0.295403,0.936438,0.982250
35,val,protein,raw,10,128,3.436763,0.038466,0.984266,0.013742,0.789410
35,val,plastic,raw,10,128,5.665226,0.141433,0.915395,0.125329,0.898657
36,train,protein,raw,10,128,3.401577,0.043604,0.984868,0.013539,0.861268
36,train,plastic,raw,10,128,5.676601,0.400291,0.223815,0.838749,0.874917
36,train,protein,raw,10,128,3.131644,0.035513,0.989766,0.007261,0.724914
36,train,plastic,raw,10,128,5.518569,0.358779,0.426440,0.697027,0.815299
36,val,protein,raw,10,128,3.079522,0.042693,0.983753,0.016464,0.857574
36,val,plastic,raw,10,128,6.187204,0.255797,0.597360,0.742120,0.897246
36,val,protein,raw,10,128,3.416301,0.038706,0.983798,0.014201,0.792008
36,val,plastic,raw,10,128,6.345252,0.348504,0.540371,0.760128,0.908128
37,train,protein,raw,10,128,3.177762,0.038245,0.986865,0.011229,0.592180
37,train,plastic,raw,10,128,5.970065,0.249851,0.591248,0.718215,0.845699
37,train,protein,raw,10,128,3.281529,0.042650,0.983736,0.010284,0.560744
37,train,plastic,raw,10,128,6.405511,0.119567,0.950152,0.062356,0.827517
37,val,protein,raw,10,128,2.966191,0.042807,0.981772,0.018619,0.860509
37,val,plastic,raw,10,128,5.773122,0.284948,0.536944,0.734143,0.810796
37,val,protein,raw,10,128,3.298378,0.039002,0.981969,0.015918,0.800710
37,val,plastic,raw,10,128,5.731759,0.425435,0.040862,0.880154,0.916045
38,train,protein,raw,10,128,3.168272,0.050434,0.973823,0.019178,0.834967
38,train,plastic,raw,10,128,5.618349,0.354830,0.413456,0.718137,0.867111
38,train,protein,raw,10,128,3.145142,0.041937,0.982378,0.014591,0.663658
38,train,plastic,raw,10,128,5.776640,0.158521,0.904174,0.124880,0.807121
38,val,protein,raw,10,128,3.059551,0.042382,0.983611,0.016485,0.857602
38,val,plastic,raw,10,128,5.992084,0.315433,0.524292,0.711708,0.831169
38,val,protein,raw,10,128,3.394588,0.038834,0.983525,0.014419,0.794052
38,val,plastic,raw,10,128,6.380322,0.309974,0.558149,0.755817,0.875054
39,train,protein,raw,10,128,3.180181,0.047009,0.981970,0.012560,0.676061
39,train,plastic,raw,10,128,6.031813,0.412328,0.252425,0.885414,0.915683
39,train,protein,raw,10,128,3.287006,0.042931,0.981126,0.013419,0.641590
39,train,plastic,raw,10,128,6.192359,0.332405,0.565306,0.763649,0.918991
39,val,protein,raw,10,128,2.996575,0.042611,0.982071,0.018265,0.860247
39,val,plastic,raw,10,128,6.336637,0.153643,0.919034,0.114888,0.924981
39,val,protein,raw,10,128,3.325359,0.039226,0.982133,0.015768,0.800341
39,val,plastic,raw,10,128,6.378317,0.353490,0.544862,0.760033,0.887088
40,train,protein,raw,10,128,3.365002,0.043240,0.981263,0.015017,0.771480
40,train,plastic,raw,10,128,5.701561,0.433912,0.048314,0.902835,0.903585
40,train,protein,raw,10,128,3.188391,0.046101,0.980825,0.015215,0.839600
40,train,plastic,raw,10,128,6.222749,0.375801,0.302952,0.931596,0.985808
40,val,protein,raw,10,128,3.036418,0.042646,0.982495,0.017817,0.861456
40,val,plastic,raw,10,128,5.750533,0.326510,0.492517,0.646803,0.819768
40,val,protein,raw,10,128,3.365529,0.039130,0.982722,0.015216,0.796966
40,val,plastic,raw,10,128,6.287052,0.188739,0.853935,0.195941,0.655128
41,train,protein,raw,10,128,3.203391,0.044994,0.978571,0.017733,0.789113
41,train,plastic,raw,10,128,6.194644,0.136845,0.929272,0.110867,0.898353
41,train,protein,raw,10,128,3.308368,0.032164,0.989512,0.008835,0.674030
41,train,plastic,raw,10,128,6.197360,0.351270,0.508849,0.746177,0.874584
41,val,protein,raw,10,128,3.054511,0.042350,0.982812,0.017429,0.860555
41,val,plastic,raw,10,128,6.834521,0.094417,0.973523,0.038601,0.816879
41,val,protein,raw,10,128,3.379747,0.039147,0.982935,0.014997,0.796073
41,val,plastic,raw,10,128,6.162089,0.280281,0.605056,0.739810,0.951836
42,train,protein,raw,10,128,3.247835,0.036326,0.985562,0.010310,0.642842
42,train,plastic,raw,10,128,5.863388,0.305286,0.547197,0.636233,0.868388
42,train,protein,raw,10,128,3.407066,0.045176,0.981133,0.024710,0.866369
42,train,plastic,raw,10,128,6.265026,0.366485,0.494453,0.728086,0.823915
42,val,protein,raw,10,128,3.024071,0.042287,0.982193,0.018080,0.860279
42,val,plastic,raw,10,128,6.529243,0.090831,0.980617,0.022845,0.912379
42,val,protein,raw,10,128,3.343977,0.039408,0.982168,0.015703,0.799037
42,val,plastic,raw,10,128,6.378561,0.304727,0.555177,0.751339,0.872108
43,train,protein,raw,10,128,3.227760,0.038406,0.983758,0.013588,0.680377
43,train,plastic,raw,10,128,6.050212,0.324435,0.488071,0.711432,0.761821
43,train,protein,raw,10,128,3.130285,0.038280,0.986682,0.009323,0.527710
43,train,plastic,raw,10,128,5.947119,0.216501,0.799125,0.232156,0.711094
43,val,protein,raw,10,128,2.993335,0.042510,0.981553,0.018722,0.862321
43,val,plastic,raw,10,128,6.388804,0.306927,0.560585,0.753620,0.853840
43,val,protein,raw,10,128,3.315217,0.039448,0.981750,0.016081,0.800862
43,val,plastic,raw,10,128,6.380697,0.294678,0.582061,0.745387,0.912569
44,train,protein,raw,10,128,3.229335,0.044071,0.979254,0.016771,0.804648
44,train,plastic,raw,10,128,6.156597,0.335012,0.539339,0.756884,0.890508
44,train,protein,raw,10,128,3.219682,0.043818,0.981188,0.014104,0.681267
44,train,plastic,raw,10,128,6.222209,0.408558,0.255810,0.876275,0.906274
44,val,protein,raw,10,128,2.974579,0.042497,0.980876,0.019476,0.862462
44,val,plastic,raw,10,128,6.399428,0.282072,0.595864,0.758659,0.927068
44,val,protein,raw,10,128,3.291539,0.039669,0.981085,0.016720,0.803547
44,val,plastic,raw,10,128,6.068761,0.352020,0.487792,0.719673,0.866395
45,train,protein,raw,10,128,3.154125,0.051077,0.972448,0.022390,0.839842
45,train,plastic,raw,10,128,5.903150,0.381765,0.226532,0.867704,0.937447
45,train,protein,raw,10,128,3.058616,0.044108,0.978823,0.015196,0.773526
45,train,plastic,raw,10,128,6.020125,0.365213,0.452059,0.722101,0.832606
45,val,protein,raw,10,128,2.915533,0.042683,0.979805,0.020581,0.865301
45,val,plastic,raw,10,128,6.301539,0.275845,0.596301,0.731413,0.900843
45,val,protein,raw,10,128,3.234694,0.039866,0.980152,0.017579,0.808011
45,val,plastic,raw,10,128,6.321473,0.281589,0.584534,0.732874,0.863386
46,train,protein,raw,10,128,3.047704,0.044579,0.979988,0.015290,0.777442
46,train,plastic,raw,10,128,6.038558,0.331279,0.531594,0.752024,0.869783
46,train,protein,raw,10,128,3.182732,0.039956,0.978366,0.016954,0.766195
46,train,plastic,raw,10,128,6.354231,0.320869,0.571496,0.776873,0.933334
46,val,protein,raw,10,128,3.001938,0.042280,0.981188,0.019087,0.862870
46,val,plastic,raw,10,128,6.549638,0.181892,0.882259,0.156665,0.790512
46,val,protein,raw,10,128,3.316861,0.039812,0.981365,0.016440,0.802218
46,val,plastic,raw,10,128,6.522433,0.295025,0.568884,0.754953,0.881932
47,train,protein,raw,10,128,3.078517,0.037928,0.986193,0.008432,0.636612
47,train,plastic,raw,10,128,6.532032,0.358134,0.549499,0.765521,0.907498
47,train,protein,raw,10,128,3.264512,0.042594,0.984530,0.013119,0.811738
47,train,plastic,raw,10,128,6.122740,0.213488,0.813524,0.207646,0.718494
47,val,protein,raw,10,128,2.919046,0.042920,0.979527,0.020792,0.864832
47,val,plastic,raw,10,128,6.251894,0.344877,0.334105,0.866671,0.960740
47,val,protein,raw,10,128,3.239877,0.040014,0.979955,0.017747,0.809509
47,val,plastic,raw,10,128,6.804700,0.350526,0.554307,0.766333,0.890496
48,train,protein,raw,10,128,2.965886,0.045637,0.976409,0.019081,0.759566
48,train,plastic,raw,10,128,6.318276,0.255234,0.634921,0.694938,0.960817
48,train,protein,raw,10,128,3.328015,0.028707,0.988827,0.013897,0.711973
48,train,plastic,raw,10,128,6.535810,0.234015,0.710955,0.553943,0.927971
48,val,protein,raw,10,128,2.960351,0.042651,0.980069,0.020202,0.862337
48,val,plastic,raw,10,128,5.962132,0.322340,0.453750,0.697452,0.739396
48,val,protein,raw,10,128,3.274683,0.040142,0.980308,0.017425,0.807228
48,val,plastic,raw,10,128,6.304800,0.320469,0.489123,0.719144,0.795659
49,train,protein,raw,10,128,3.128057,0.033261,0.986414,0.008808,0.519175
49,train,plastic,raw,10,128,6.541177,0.336026,0.561046,0.762782,0.935625
49,train,protein,raw,10,128,3.123442,0.042150,0.980836,0.013710,0.645061
49,train,plastic,raw,10,128,6.269489,0.171692,0.899700,0.117650,0.815519
49,val,protein,raw,10,128,2.953519,0.042339,0.979776,0.020471,0.861237
49,val,plastic,raw,10,128,6.111764,0.333353,0.430339,0.712096,0.762780
49,val,protein,raw,10,128,3.258901,0.040259,0.979978,0.017711,0.806316
49,val,plastic,raw,10,128,6.339817,0.336318,0.476646,0.713963,0.775423
50,train,protein,raw,10,128,3.173667,0.045217,0.975819,0.018425,0.716774
50,train,plastic,raw,10,128,5.793335,0.393916,0.197007,0.815326,0.804132
50,train,protein,raw,10,128,3.126841,0.046375,0.977452,0.015826,0.650311
50,train,plastic,raw,10,128,6.148071,0.221577,0.772883,0.290807,0.544796
50,val,protein,raw,10,128,2.955455,0.042144,0.979578,0.020673,0.861550
50,val,plastic,raw,10,128,6.641582,0.355193,0.544041,0.759561,0.872823
50,val,protein,raw,10,128,3.254657,0.040311,0.979873,0.017794,0.805625
50,val,plastic,raw,10,128,6.225675,0.470119,0.042786,0.882185,0.885947
51,train,protein,raw,10,128,3.136286,0.039455,0.980806,0.013643,0.575329
51,train,plastic,raw,10,128,6.084191,0.405135,0.248098,0.813332,0.850080
51,train,protein,raw,10,128,3.081010,0.039378,0.981010,0.019275,0.668438
51,train,plastic,raw,10,128,6.561388,0.406150,0.274770,0.909212,0.935400
51,val,protein,raw,10,128,2.938881,0.042155,0.979232,0.020963,0.861896
51,val,plastic,raw,10,128,6.362010,0.334990,0.571220,0.770426,0.942573
51,val,protein,raw,10,128,3.238744,0.040441,0.979528,0.018106,0.806538
51,val,plastic,raw,10,128,6.179655,0.368453,0.278092,0.875950,0.904925
52,train,protein,raw,10,128,3.185199,0.041373,0.981844,0.014242,0.680476
52,train,plastic,raw,10,128,5.880096,0.324003,0.485891,0.676398,0.796793
52,train,protein,raw,10,128,3.127264,0.047708,0.974763,0.019009,0.769587
52,train,plastic,raw,10,128,6.514287,0.365628,0.507116,0.740117,0.848854
52,val,protein,raw,10,128,2.985170,0.041963,0.979730,0.020423,0.859883
52,val,plastic,raw,10,128,6.658662,0.172941,0.873276,0.174577,0.666282
52,val,protein,raw,10,128,3.279620,0.040440,0.980022,0.017652,0.804314
52,val,plastic,raw,10,128,6.836069,0.111332,0.968513,0.036529,0.816382
53,train,protein,raw,10,128,3.061345,0.040704,0.983241,0.009615,0.450384
53,train,plastic,raw,10,128,6.833838,0.135369,0.941058,0.078734,0.839801
53,train,protein,raw,10,128,3.167720,0.046425,0.978799,0.020701,0.822473
53,train,plastic,raw,10,128,6.333371,0.413405,0.263838,0.903062,0.936208
53,val,protein,raw,10,128,2.984417,0.041985,0.979656,0.020408,0.860608
53,val,plastic,raw,10,128,6.360312,0.286640,0.604122,0.738065,0.940503
53,val,protein,raw,10,128,3.278991,0.040440,0.980103,0.017508,0.802496
53,val,plastic,raw,10,128,5.871486,0.295098,0.565533,0.659214,0.810823
54,train,protein,raw,10,128,3.115138,0.042006,0.980940,0.012211,0.710222
54,train,plastic,raw,10,128,5.966597,0.436372,0.120501,0.834260,0.921668
54,train,protein,raw,10,128,3.158262,0.034214,0.982752,0.013292,0.664927
54,train,plastic,raw,10,128,6.171142,0.298021,0.565279,0.732316,0.883116
54,val,protein,raw,10,128,2.983948,0.042282,0.978836,0.021369,0.861696
54,val,plastic,raw,10,128,6.595637,0.376505,0.515309,0.739355,0.875723
54,val,protein,raw,10,128,3.273925,0.040669,0.979516,0.018097,0.803010
54,val,plastic,raw,10,128,5.994147,0.312793,0.513134,0.712302,0.751114
55,train,protein,raw,10,128,3.049623,0.041787,0.975339,0.020276,0.698444
55,train,plastic,raw,10,128,6.619906,0.359547,0.557774,0.769507,0.907591
55,train,protein,raw,10,128,3.196887,0.041651,0.982527,0.018470,0.636894
55,train,plastic,raw,10,128,6.399474,0.412661,0.282089,0.918963,0.951493
55,val,protein,raw,10,128,2.958366,0.042129,0.978523,0.021520,0.861051
55,val,plastic,raw,10,128,6.338579,0.167384,0.869220,0.168863,0.804107
55,val,protein,raw,10,128,3.246754,0.040679,0.979245,0.018274,0.803393
55,val,plastic,raw,10,128,6.148439,0.338481,0.454392,0.697195,0.732723
56,train,protein,raw,10,128,3.221948,0.042523,0.981029,0.015095,0.790980
56,train,plastic,raw,10,128,6.119276,0.276958,0.557100,0.751941,0.862343
56,train,protein,raw,10,128,3.181367,0.045172,0.980505,0.015378,0.758951
56,train,plastic,raw,10,128,6.015319,0.459655,0.060102,0.801000,0.890191
56,val,protein,raw,10,128,2.976171,0.042029,0.978607,0.021354,0.859349
56,val,plastic,raw,10,128,6.328691,0.400116,0.257981,0.893040,0.901112
56,val,protein,raw,10,128,3.261656,0.040789,0.979276,0.018224,0.802069
56,val,plastic,raw,10,128,6.551448,0.167285,0.879946,0.131681,0.798258
57,train,protein,raw,10,128,3.346453,0.036926,0.985463,0.017413,0.902544
57,train,plastic,raw,10,128,6.483718,0.356094,0.537926,0.744007,0.867172
57,train,protein,raw,10,128,3.170425,0.041157,0.979948,0.013101,0.627898
57,train,plastic,raw,10,128,6.572121,0.132421,0.934852,0.069978,0.765165
57,val,protein,raw,10,128,2.972378,0.041816,0.978217,0.021702,0.857398
57,val,plastic,raw,10,128,6.238227,0.460522,0.040080,0.913623,0.921663
57,val,protein,raw,10,128,3.248790,0.041022,0.978830,0.018634,0.800920
57,val,plastic,raw,10,128,6.380995,0.174826,0.896794,0.105790,0.830396
58,train,protein,raw,10,128,3.220297,0.036732,0.986687,0.009460,0.712588
58,train,plastic,raw,10,128,6.102876,0.190327,0.819407,0.222201,0.706848
58,train,protein,raw,10,128,3.123475,0.048226,0.975557,0.016853,0.577227
58,train,plastic,raw,10,128,6.435048,0.416234,0.264757,0.902088,0.938847
58,val,protein,raw,10,128,2.996954,0.041618,0.978672,0.021037,0.854201
58,val,plastic,raw,10,128,6.029826,0.355408,0.407402,0.682438,0.670633
58,val,protein,raw,10,128,3.271034,0.041033,0.979242,0.018201,0.798735
58,val,plastic,raw,10,128,6.021296,0.342932,0.433071,0.688295,0.682762
59,train,protein,raw,10,128,3.200754,0.048568,0.973416,0.019005,0.646871
59,train,plastic,raw,10,128,6.087789,0.269153,0.671160,0.431876,0.895836
59,train,protein,raw,10,128,3.200568,0.042713,0.981535,0.012961,0.713915
59,train,plastic,raw,10,128,6.588687,0.379527,0.494282,0.740449,0.865173
59,val,protein,raw,10,128,2.990597,0.041568,0.977992,0.021683,0.852778
59,val,plastic,raw,10,128,6.728358,0.373177,0.536078,0.756272,0.890890
59,val,protein,raw,10,128,3.255021,0.041255,0.978675,0.018708,0.798259
59,val,plastic,raw,10,128,6.495407,0.217090,0.844409,0.157826,0.851300
60,train,protein,raw,10,128,3.181474,0.036165,0.984028,0.010413,0.679192
60,train,plastic,raw,10,128,6.996333,0.354636,0.572022,0.778915,0.936283
60,train,protein,raw,10,128,3.193248,0.046770,0.970946,0.020630,0.750266
60,train,plastic,raw,10,128,6.117173,0.184698,0.831541,0.197869,0.681335
60,val,protein,raw,10,128,2.983649,0.041435,0.977296,0.022351,0.850823
60,val,plastic,raw,10,128,5.883418,0.329289,0.460275,0.661693,0.737772
60,val,protein,raw,10,128,3.234802,0.041499,0.978056,0.019250,0.796718
60,val,plastic,raw,10,128,6.257605,0.315857,0.520137,0.706907,0.775038
61,train,protein,raw,10,128,3.241339,0.043169,0.975729,0.020386,0.807638
61,train,plastic,raw,10,128,6.337807,0.416218,0.249194,0.856236,0.912363
61,train,protein,raw,10,128,3.149379,0.040769,0.977548,0.017708,0.621042
61,train,plastic,raw,10,128,6.215105,0.306013,0.555867,0.711020,0.831954
61,val,protein,raw,10,128,3.025210,0.041545,0.977554,0.022026,0.848833
61,val,plastic,raw,10,128,6.276145,0.400155,0.413541,0.687438,0.720736
61,val,protein,raw,10,128,3.272712,0.041543,0.978439,0.018891,0.794195
61,val,plastic,raw,10,128,6.777318,0.190932,0.857233,0.171353,0.703905
62,train,protein,raw,10,128,3.075014,0.045855,0.977652,0.016270,0.758226
62,train,plastic,raw,10,128,6.545103,0.351827,0.560486,0.763433,0.935861
62,train,protein,raw,10,128,3.359643,0.041244,0.978582,0.017878,0.761816
62,train,plastic,raw,10,128,6.788335,0.410868,0.287234,0.939828,0.976650
62,val,protein,raw,10,128,3.045022,0.041489,0.977934,0.021420,0.849016
62,val,plastic,raw,10,128,6.576116,0.309617,0.584137,0.672776,0.840963
62,val,protein,raw,10,128,3.295070,0.041411,0.979171,0.018098,0.788919
62,val,plastic,raw,10,128,6.561077,0.312685,0.565414,0.685935,0.803313
63,train,protein,raw,10,128,3.219659,0.039225,0.986496,0.016101,0.723701
63,train,plastic,raw,10,128,6.464653,0.464923,0.100016,0.883023,0.922401
63,train,protein,raw,10,128,3.212828,0.040680,0.983091,0.010948,0.603597
63,train,plastic,raw,10,128,6.649146,0.419791,0.289350,0.890848,0.934832
63,val,protein,raw,10,128,3.016606,0.041550,0.977057,0.022255,0.847910
63,val,plastic,raw,10,128,6.283419,0.359099,0.459144,0.677366,0.822658
63,val,protein,raw,10,128,3.261467,0.041608,0.978395,0.018811,0.790652
63,val,plastic,raw,10,128,6.107801,0.344592,0.475038,0.701476,0.783223
64,train,protein,raw,10,128,3.186424,0.043683,0.973900,0.021932,0.761068
64,train,plastic,raw,10,128,6.785299,0.392814,0.475799,0.736576,0.853368
64,train,protein,raw,10,128,3.256063,0.041065,0.976577,0.018112,0.745038
64,train,plastic,raw,10,128,5.608005,0.397658,0.171630,0.736492,0.767028
64,val,protein,raw,10,128,3.042073,0.041443,0.976517,0.022873,0.843747
64,val,plastic,raw,10,128,7.053200,0.357529,0.580375,0.774452,0.944020
64,val,protein,raw,10,128,3.267281,0.041977,0.977717,0.019479,0.789167
64,val,plastic,raw,10,128,6.829922,0.361657,0.548578,0.760254,0.883250
65,train,protein,raw,10,128,3.204036,0.046455,0.975219,0.020766,0.787597
65,train,plastic,raw,10,128,5.944505,0.337045,0.460110,0.665469,0.693504
65,train,protein,raw,10,128,3.134155,0.050066,0.978579,0.014324,0.731744
65,train,plastic,raw,10,128,6.610513,0.199952,0.868751,0.181266,0.838027
65,val,protein,raw,10,128,3.050316,0.041130,0.977061,0.021949,0.842217
65,val,plastic,raw,10,128,6.293150,0.399630,0.223866,0.843704,0.872997
65,val,protein,raw,10,128,3.279140,0.041787,0.978591,0.018521,0.784186
65,val,plastic,raw,10,128,6.069488,0.332807,0.497633,0.652596,0.834808
66,train,protein,raw,10,128,3.268208,0.038034,0.980362,0.015289,0.652532
66,train,plastic,raw,10,128,6.177714,0.340354,0.460248,0.662174,0.722957
66,train,protein,raw,10,128,3.368101,0.034746,0.991564,0.009933,0.879094
66,train,plastic,raw,10,128,6.339785,0.387203,0.377767,0.679578,0.759387
66,val,protein,raw,10,128,3.022700,0.041474,0.975544,0.023572,0.841109
66,val,plastic,raw,10,128,6.546361,0.426394,0.280370,0.877338,0.912967
66,val,protein,raw,10,128,3.240172,0.042183,0.977104,0.019969,0.788208
66,val,plastic,raw,10,128,6.941514,0.361923,0.564844,0.773579,0.918953
67,train,protein,raw,10,128,3.146676,0.041866,0.979675,0.015887,0.781877
67,train,plastic,raw,10,128,6.525632,0.409734,0.292541,0.891986,0.940829
67,train,protein,raw,10,128,3.161790,0.044591,0.975066,0.022548,0.858124
67,train,plastic,raw,10,128,6.658534,0.425677,0.287657,0.878437,0.925570
67,val,protein,raw,10,128,2.955185,0.041425,0.974564,0.024157,0.840584
67,val,plastic,raw,10,128,6.396298,0.229541,0.815472,0.212107,0.871154
67,val,protein,raw,10,128,3.178721,0.042208,0.976513,0.020351,0.790393
67,val,plastic,raw,10,128,6.497058,0.388685,0.470293,0.714874,0.806099
68,train,protein,raw,10,128,3.070717,0.046163,0.976557,0.015999,0.695183
68,train,plastic,raw,10,128,5.966804,0.364999,0.368129,0.656095,0.688654
68,train,protein,raw,10,128,2.958478,0.036952,0.981646,0.010503,0.435145
68,train,plastic,raw,10,128,6.435972,0.394760,0.430641,0.695241,0.830251
68,val,protein,raw,10,128,2.991251,0.041548,0.974279,0.024442,0.839305
68,val,plastic,raw,10,128,6.582069,0.309522,0.567758,0.749766,0.856302
68,val,protein,raw,10,128,3.204742,0.042464,0.976473,0.020395,0.787046
68,val,plastic,raw,10,128,6.278057,0.235902,0.784396,0.212162,0.762565
69,train,protein,raw,10,128,3.238240,0.043702,0.982441,0.017617,0.847484
69,train,plastic,raw,10,128,6.386576,0.387546,0.278634,0.885401,0.909107
69,train,protein,raw,10,128,3.075212,0.041254,0.977624,0.014767,0.577661
69,train,plastic,raw,10,128,6.556144,0.336555,0.516567,0.730099,0.838561
69,val,protein,raw,10,128,2.948639,0.041539,0.972671,0.026023,0.836806
69,val,plastic,raw,10,128,6.432759,0.426280,0.266223,0.899634,0.926511
69,val,protein,raw,10,128,3.147637,0.042910,0.974793,0.021956,0.790857
69,val,plastic,raw,10,128,6.504021,0.390505,0.453352,0.721463,0.850639
70,train,protein,raw,10,128,3.018125,0.048746,0.973687,0.020898,0.805466
70,train,plastic,raw,10,128,6.273763,0.229594,0.789728,0.288402,0.797358
70,train,protein,raw,10,128,3.144313,0.042478,0.975251,0.015944,0.693624
70,train,plastic,raw,10,128,6.397567,0.406136,0.273180,0.909952,0.932306
70,val,protein,raw,10,128,3.035178,0.041074,0.974585,0.023797,0.834057
70,val,plastic,raw,10,128,6.240065,0.383041,0.467724,0.712464,0.795957
70,val,protein,raw,10,128,3.234227,0.042565,0.977060,0.019721,0.781440
70,val,plastic,raw,10,128,5.891219,0.288623,0.589100,0.370851,0.546470
71,train,protein,raw,10,128,3.191760,0.047614,0.978586,0.016970,0.684323
71,train,plastic,raw,10,128,5.536025,0.277168,0.645785,0.290855,0.688073
71,train,protein,raw,10,128,3.233513,0.044262,0.978189,0.017263,0.695165
71,train,plastic,raw,10,128,6.202903,0.323567,0.494529,0.691348,0.824360
71,val,protein,raw,10,128,3.033195,0.041274,0.973420,0.025009,0.831072
71,val,plastic,raw,10,128,5.747086,0.279621,0.609771,0.355062,0.671472
71,val,protein,raw,10,128,3.217481,0.042972,0.975852,0.020892,0.782714
71,val,plastic,raw,10,128,6.158974,0.330799,0.488851,0.704555,0.750118
72,train,protein,raw,10,128,3.192641,0.039991,0.983611,0.012135,0.796004
72,train,plastic,raw,10,128,6.272436,0.455577,0.083778,0.944798,0.950398
72,train,protein,raw,10,128,3.263993,0.041806,0.975412,0.021808,0.725233
72,train,plastic,raw,10,128,5.996646,0.332151,0.515672,0.711215,0.831458
72,val,protein,raw,10,128,3.000647,0.041356,0.972189,0.026119,0.829331
72,val,plastic,raw,10,128,6.062057,0.327381,0.496249,0.712677,0.776457
72,val,protein,raw,10,128,3.176992,0.043138,0.974873,0.021772,0.785066
72,val,plastic,raw,10,128,5.974244,0.233459,0.754057,0.250532,0.713120
73,train,protein,raw,10,128,3.075801,0.051155,0.967588,0.021041,0.615913
73,train,plastic,raw,10,128,6.254493,0.357342,0.506705,0.733820,0.849708
73,train,protein,raw,10,128,3.080138,0.047203,0.972506,0.021234,0.698332
73,train,plastic,raw,10,128,5.881869,0.371842,0.428562,0.693124,0.803972
73,val,protein,raw,10,128,2.991642,0.041485,0.972052,0.025947,0.829717
73,val,plastic,raw,10,128,6.019279,0.338416,0.463904,0.665444,0.710054
73,val,protein,raw,10,128,3.176930,0.042966,0.975331,0.021210,0.782405
73,val,plastic,raw,10,128,5.855957,0.394930,0.216073,0.711104,0.788850
74,train,protein,raw,10,128,3.165863,0.044120,0.972957,0.020346,0.775778
74,train,plastic,raw,10,128,5.900697,0.418764,0.274822,0.630175,0.692906
74,train,protein,raw,10,128,3.035875,0.040101,0.980766,0.013994,0.668190
74,train,plastic,raw,10,128,6.112410,0.412689,0.251995,0.854325,0.900344
74,val,protein,raw,10,128,2.993665,0.041705,0.971132,0.026908,0.828418
74,val,plastic,raw,10,128,6.283131,0.303126,0.559661,0.739980,0.860246
74,val,protein,raw,10,128,3.167599,0.043259,0.974502,0.022029,0.782815
74,val,plastic,raw,10,128,6.414902,0.357025,0.441650,0.691845,0.708586
75,train,protein,raw,10,128,3.086694,0.044747,0.972693,0.019556,0.568480
75,train,plastic,raw,10,128,6.341952,0.151549,0.926574,0.071726,0.665157
75,train,protein,raw,10,128,3.134872,0.037825,0.982768,0.012297,0.580789
75,train,plastic,raw,10,128,6.048211,0.441420,0.168528,0.789796,0.816808
75,val,protein,raw,10,128,2.947591,0.041865,0.970499,0.027193,0.826751
75,val,plastic,raw,10,128,6.513318,0.466557,0.115641,0.876527,0.918149
75,val,protein,raw,10,128,3.133427,0.043270,0.974093,0.022352,0.786556
75,val,plastic,raw,10,128,7.057354,0.376344,0.547860,0.754066,0.877086
76,train,protein,raw,10,128,3.159148,0.046588,0.971979,0.023299,0.681435
76,train,plastic,raw,10,128,6.502356,0.307445,0.571711,0.712447,0.822660
76,train,protein,raw,10,128,3.188268,0.036338,0.987910,0.011280,0.578777
76,train,plastic,raw,10,128,6.224272,0.412157,0.291813,0.840276,0.894237
76,val,protein,raw,10,128,2.972082,0.041857,0.970635,0.026931,0.824797
76,val,plastic,raw,10,128,6.086753,0.372478,0.388956,0.639988,0.711468
76,val,protein,raw,10,128,3.153498,0.043250,0.974469,0.021951,0.783223
76,val,plastic,raw,10,128,6.457736,0.214759,0.787842,0.199555,0.585970
77,train,protein,raw,10,128,3.156612,0.041208,0.977640,0.022630,0.651544
77,train,plastic,raw,10,128,5.994100,0.242325,0.740110,0.349427,0.721625
77,train,protein,raw,10,128,2.984127,0.041282,0.975393,0.019430,0.634071
77,train,plastic,raw,10,128,5.675586,0.425104,0.104377,0.696541,0.759045
77,val,protein,raw,10,128,2.985477,0.041995,0.970465,0.027062,0.824332
77,val,plastic,raw,10,128,6.689036,0.220366,0.839383,0.232754,0.871498
77,val,protein,raw,10,128,3.164073,0.043230,0.974533,0.021910,0.781511
77,val,plastic,raw,10,128,6.271503,0.261521,0.741185,0.226751,0.655927
78,train,protein,raw,10,128,3.213981,0.042474,0.977079,0.021520,0.816974
78,train,plastic,raw,10,128,6.351156,0.390065,0.468858,0.718992,0.832598
78,train,protein,raw,10,128,3.187844,0.054036,0.967976,0.024642,0.732358
78,train,plastic,raw,10,128,6.826267,0.404591,0.479071,0.732544,0.830398
78,val,protein,raw,10,128,2.955433,0.042177,0.969191,0.028194,0.821429
78,val,plastic,raw,10,128,6.742196,0.384439,0.514280,0.725683,0.862366
78,val,protein,raw,10,128,3.127812,0.043550,0.973250,0.023094,0.783913
78,val,plastic,raw,10,128,6.545619,0.278531,0.676211,0.406594,0.619416
79,train,protein,raw,10,128,3.178713,0.038280,0.988160,0.010887,0.775062
79,train,plastic,raw,10,128,6.478909,0.445458,0.284300,0.676475,0.742328
79,train,protein,raw,10,128,3.120376,0.042297,0.978625,0.015955,0.721991
79,train,plastic,raw,10,128,6.310040,0.467428,0.126602,0.727888,0.802987
79,val,protein,raw,10,128,3.006114,0.042243,0.969971,0.027370,0.820739
79,val,plastic,raw,10,128,6.290432,0.448670,0.206593,0.805203,0.816912
79,val,protein,raw,10,128,3.178424,0.043452,0.974205,0.022185,0.780016
79,val,plastic,raw,10,128,6.190216,0.436922,0.172357,0.707865,0.781827
80,train,protein,raw,10,128,3.167677,0.045664,0.981026,0.012909,0.650417
80,train,plastic,raw,10,128,6.676084,0.479419,0.177105,0.799228,0.858668
80,train,protein,raw,10,128,3.105198,0.043739,0.975220,0.017813,0.530604
80,train,plastic,raw,10,128,6.618001,0.228761,0.762747,0.304595,0.554751
80,val,protein,raw,10,128,2.995163,0.042322,0.969396,0.027862,0.816927
80,val,plastic,raw,10,128,6.195344,0.289798,0.646128,0.324244,0.626185
80,val,protein,raw,10,128,3.162438,0.043670,0.973338,0.023025,0.781933
80,val,plastic,raw,10,128,7.151628,0.386366,0.544820,0.744593,0.859163
81,train,protein,raw,10,128,3.112216,0.053290,0.960961,0.031822,0.792474
81,train,plastic,raw,10,128,6.460509,0.439703,0.287630,0.790115,0.882493
81,train,protein,raw,10,128,2.868187,0.050141,0.963868,0.026878,0.531176
81,train,plastic,raw,10,128,6.398646,0.354742,0.465800,0.652324,0.733752
81,val,protein,raw,10,128,3.014989,0.042009,0.970165,0.026910,0.816623
81,val,plastic,raw,10,128,6.465026,0.467816,0.149363,0.752970,0.789418
81,val,protein,raw,10,128,3.183330,0.043389,0.974398,0.021902,0.776480
81,val,plastic,raw,10,128,6.407966,0.348131,0.488640,0.690580,0.700143
82,train,protein,raw,10,128,3.183000,0.047778,0.967446,0.021591,0.727794
82,train,plastic,raw,10,128,6.205872,0.357129,0.416408,0.675740,0.760824
82,train,protein,raw,10,128,3.005639,0.042478,0.981137,0.012005,0.638186
82,train,plastic,raw,10,128,6.608841,0.439976,0.232633,0.777648,0.841438
82,val,protein,raw,10,128,2.988374,0.042198,0.969190,0.027769,0.813128
82,val,plastic,raw,10,128,6.274390,0.362713,0.427166,0.689237,0.789916
82,val,protein,raw,10,128,3.153521,0.043602,0.973309,0.022960,0.780240
82,val,plastic,raw,10,128,5.966456,0.291212,0.608720,0.346256,0.649702
83,train,protein,raw,10,128,3.106360,0.045641,0.969480,0.019997,0.597066
83,train,plastic,raw,10,128,6.539696,0.335039,0.535761,0.653073,0.696296
83,train,protein,raw,10,128,3.270369,0.027531,0.993056,0.006376,0.709100
83,train,plastic,raw,10,128,6.510108,0.418976,0.387370,0.690493,0.739542
83,val,protein,raw,10,128,2.953742,0.042347,0.968050,0.028855,0.814257
83,val,plastic,raw,10,128,6.395289,0.409710,0.403256,0.699229,0.761572
83,val,protein,raw,10,128,3.115541,0.043809,0.972358,0.023819,0.781660
83,val,plastic,raw,10,128,6.929744,0.378877,0.542147,0.744195,0.868737
84,train,protein,raw,10,128,3.204028,0.042651,0.974602,0.018238,0.749329
84,train,plastic,raw,10,128,5.996314,0.399022,0.189529,0.785986,0.828902
84,train,protein,raw,10,128,3.061783,0.043680,0.974043,0.015513,0.521164
84,train,plastic,raw,10,128,6.555190,0.452279,0.208984,0.803819,0.814079
84,val,protein,raw,10,128,2.991090,0.042298,0.969254,0.027542,0.812298
84,val,plastic,raw,10,128,6.620627,0.218711,0.831142,0.223393,0.858073
84,val,protein,raw,10,128,3.160845,0.043657,0.973453,0.022805,0.780947
84,val,plastic,raw,10,128,6.530964,0.460912,0.199738,0.804053,0.822118
85,train,protein,raw,10,128,3.128265,0.049572,0.973080,0.018222,0.534135
85,train,plastic,raw,10,128,6.649951,0.383196,0.523881,0.726254,0.827586
85,train,protein,raw,10,128,3.140722,0.050621,0.968710,0.022715,0.669094
85,train,plastic,raw,10,128,6.881632,0.387255,0.519224,0.726774,0.839092
85,val,protein,raw,10,128,2.974679,0.042444,0.968455,0.028342,0.812676
85,val,plastic,raw,10,128,6.711155,0.393997,0.472206,0.711201,0.805685
85,val,protein,raw,10,128,3.138900,0.043833,0.972744,0.023481,0.782154
85,val,plastic,raw,10,128,6.107224,0.356103,0.430765,0.633353,0.641774
86,train,protein,raw,10,128,3.059587,0.053584,0.963116,0.022575,0.592629
86,train,plastic,raw,10,128,6.150257,0.467528,0.092934,0.704886,0.746567
86,train,protein,raw,10,128,3.195345,0.050505,0.965927,0.030474,0.749546
86,train,plastic,raw,10,128,6.027766,0.460074,0.087478,0.685527,0.749328
86,val,protein,raw,10,128,2.914723,0.042409,0.967158,0.029329,0.811837
86,val,plastic,raw,10,128,5.342983,0.300640,0.495906,0.474959,0.905625
86,val,protein,raw,10,128,3.078021,0.043985,0.971673,0.024365,0.783743
86,val,plastic,raw,10,128,5.282656,0.380743,0.245623,0.565463,0.719953
87,train,protein,raw,10,128,2.941886,0.041532,0.969346,0.020890,0.620593
87,train,plastic,raw,10,128,5.847898,0.424705,0.270169,0.540416,0.821126
87,train,protein,raw,10,128,3.109838,0.046227,0.971720,0.020220,0.703859
87,train,plastic,raw,10,128,5.590990,0.384086,0.397709,0.570925,0.857109
87,val,protein,raw,10,128,2.945555,0.042227,0.969049,0.026907,0.801120
87,val,plastic,raw,10,128,6.076498,0.354315,0.486730,0.682739,0.807667
87,val,protein,raw,10,128,3.129024,0.043750,0.972999,0.023122,0.787382
87,val,plastic,raw,10,128,5.483605,0.295932,0.523239,0.535806,0.712689
88,train,protein,raw,10,128,3.096319,0.045604,0.972170,0.019249,0.496793
88,train,plastic,raw,10,128,5.601770,0.327518,0.415383,0.572183,0.676464
88,train,protein,raw,10,128,3.131597,0.042323,0.986022,0.009654,0.723879
88,train,plastic,raw,10,128,5.360834,0.378363,0.253482,0.618660,0.785858
88,val,protein,raw,10,128,2.942156,0.042028,0.967466,0.028942,0.804677
88,val,plastic,raw,10,128,5.114117,0.385642,0.299001,0.669798,0.731246
88,val,protein,raw,10,128,3.089640,0.044272,0.971512,0.024573,0.787052
88,val,plastic,raw,10,128,6.314527,0.484444,0.072044,0.701316,0.817066
89,train,protein,raw,10,128,2.966985,0.045072,0.969220,0.020476,0.458492
89,train,plastic,raw,10,128,5.876424,0.354172,0.324217,0.726523,0.818604
89,train,protein,raw,10,128,3.109875,0.052196,0.963833,0.027447,0.797637
89,train,plastic,raw,10,128,6.110249,0.429481,0.176298,0.733856,0.797838
89,val,protein,raw,10,128,2.959238,0.041799,0.968306,0.028026,0.804868
89,val,plastic,raw,10,128,5.598561,0.316529,0.471215,0.669896,0.648242
89,val,protein,raw,10,128,3.109683,0.044109,0.972475,0.023626,0.784338
89,val,plastic,raw,10,128,5.804124,0.282847,0.607467,0.389666,0.478748
90,train,protein,raw,10,128,3.135759,0.050886,0.969707,0.018613,0.643328
90,train,plastic,raw,10,128,6.059566,0.296920,0.567711,0.628365,0.736786
90,train,protein,raw,10,128,3.209149,0.049222,0.975550,0.018061,0.660708
90,train,plastic,raw,10,128,5.546679,0.342152,0.365552,0.654487,0.698362
90,val,protein,raw,10,128,2.994494,0.041890,0.968711,0.027716,0.800970
90,val,plastic,raw,10,128,5.939204,0.299451,0.601328,0.349683,0.485659
90,val,protein,raw,10,128,3.139434,0.044316,0.972344,0.023886,0.786128
90,val,plastic,raw,10,128,6.196898,0.364245,0.388890,0.644892,0.687523
91,train,protein,raw,10,128,3.051468,0.056550,0.963684,0.024022,0.663199
91,train,plastic,raw,10,128,5.502555,0.344390,0.346337,0.607398,0.592474
91,train,protein,raw,10,128,3.219854,0.040778,0.977661,0.015431,0.689913
91,train,plastic,raw,10,128,5.911123,0.459832,0.119926,0.777727,0.850999
91,val,protein,raw,10,128,2.958148,0.041786,0.968035,0.028345,0.801882
91,val,plastic,raw,10,128,6.393820,0.318822,0.542665,0.732945,0.806071
91,val,protein,raw,10,128,3.101755,0.044442,0.971648,0.024498,0.787200
91,val,plastic,raw,10,128,6.380352,0.337210,0.511011,0.712206,0.732401
92,train,protein,raw,10,128,2.957451,0.038761,0.976843,0.017363,0.547518
92,train,plastic,raw,10,128,6.258820,0.355016,0.460580,0.663413,0.659040
92,train,protein,raw,10,128,3.097416,0.049966,0.971404,0.016274,0.527693
92,train,plastic,raw,10,128,6.096011,0.373102,0.319683,0.660681,0.716779
92,val,protein,raw,10,128,2.994850,0.041870,0.968787,0.027653,0.799842
92,val,plastic,raw,10,128,6.564342,0.427778,0.351002,0.661791,0.714002
92,val,protein,raw,10,128,3.140398,0.044452,0.972114,0.024154,0.786267
92,val,plastic,raw,10,128,7.033402,0.164237,0.906531,0.082467,0.630089
93,train,protein,raw,10,128,3.065262,0.043189,0.973550,0.018581,0.483124
93,train,plastic,raw,10,128,6.516073,0.355077,0.489002,0.696038,0.717533
93,train,protein,raw,10,128,3.181493,0.045163,0.976575,0.013746,0.546193
93,train,plastic,raw,10,128,6.142524,0.392121,0.433661,0.697741,0.773906
93,val,protein,raw,10,128,3.048005,0.041647,0.969753,0.026820,0.798009
93,val,plastic,raw,10,128,6.162520,0.460732,0.125705,0.683392,0.715577
93,val,protein,raw,10,128,3.183433,0.044421,0.972838,0.023522,0.781822
93,val,plastic,raw,10,128,6.092025,0.374696,0.340260,0.603684,0.547233
94,train,protein,raw,10,128,3.144146,0.045365,0.968545,0.021209,0.501589
94,train,plastic,raw,10,128,5.852663,0.467616,0.052230,0.643018,0.639167
94,train,protein,raw,10,128,3.256576,0.050728,0.968215,0.027075,0.573281
94,train,plastic,raw,10,128,6.211284,0.438163,0.238162,0.788665,0.821650
94,val,protein,raw,10,128,3.004666,0.041764,0.968475,0.028074,0.798579
94,val,plastic,raw,10,128,6.055392,0.270853,0.660865,0.392100,0.579869
94,val,protein,raw,10,128,3.133693,0.044597,0.971599,0.024702,0.785123
94,val,plastic,raw,10,128,6.218045,0.188048,0.849554,0.133026,0.618225
95,train,protein,raw,10,128,3.174916,0.044088,0.974066,0.020631,0.687318
95,train,plastic,raw,10,128,6.160577,0.370154,0.523491,0.677304,0.825479
95,train,protein,raw,10,128,3.198914,0.046548,0.971669,0.018784,0.593028
95,train,plastic,raw,10,128,6.407705,0.369763,0.417581,0.654388,0.615173
95,val,protein,raw,10,128,3.023049,0.041674,0.969214,0.027278,0.796735
95,val,plastic,raw,10,128,6.277906,0.342875,0.461942,0.668961,0.707381
95,val,protein,raw,10,128,3.156467,0.044458,0.972237,0.024108,0.782976
95,val,plastic,raw,10,128,6.634484,0.459601,0.287029,0.647447,0.664369
96,train,protein,raw,10,128,3.297197,0.039355,0.976121,0.019615,0.677298
96,train,plastic,raw,10,128,6.555008,0.456447,0.183524,0.786731,0.806006
96,train,protein,raw,10,128,3.135993,0.045748,0.979650,0.019281,0.743478
96,train,plastic,raw,10,128,6.259647,0.506857,-0.032468,0.727936,0.802354
96,val,protein,raw,10,128,2.986935,0.041671,0.968248,0.028170,0.793504
96,val,plastic,raw,10,128,6.400804,0.207593,0.819807,0.153556,0.550550
96,val,protein,raw,10,128,3.113774,0.044665,0.970906,0.025402,0.786495
96,val,plastic,raw,10,128,7.182539,0.346164,0.549781,0.690791,0.763723
97,train,protein,raw,10,128,3.192016,0.050892,0.969030,0.018135,0.508778
97,train,plastic,raw,10,128,6.167602,0.385405,0.342222,0.638497,0.622093
97,train,protein,raw,10,128,3.083895,0.046614,0.976467,0.016258,0.719666
97,train,plastic,raw,10,128,6.600764,0.389600,0.379400,0.585521,0.585906
97,val,protein,raw,10,128,2.986317,0.041488,0.968764,0.027568,0.793046
97,val,plastic,raw,10,128,6.456613,0.331526,0.533704,0.701505,0.744367
97,val,protein,raw,10,128,3.118463,0.044458,0.971411,0.024884,0.785217
97,val,plastic,raw,10,128,6.660062,0.445935,0.320833,0.651205,0.687257
98,train,protein,raw,10,128,3.073027,0.039523,0.979186,0.016659,0.658561
98,train,plastic,raw,10,128,6.346188,0.475409,0.037350,0.866650,0.862082
98,train,protein,raw,10,128,3.105968,0.047347,0.967542,0.024938,0.816960
98,train,plastic,raw,10,128,6.228033,0.408119,0.188555,0.753478,0.769482
98,val,protein,raw,10,128,2.971388,0.041559,0.968235,0.028022,0.791772
98,val,plastic,raw,10,128,5.979328,0.359290,0.367026,0.623642,0.655532
98,val,protein,raw,10,128,3.100265,0.044590,0.970767,0.025469,0.786061
98,val,plastic,raw,10,128,6.673024,0.270241,0.722233,0.235997,0.635014
99,train,protein,raw,10,128,3.047632,0.045718,0.973918,0.016965,0.544444
99,train,plastic,raw,10,128,5.595397,0.350356,0.304686,0.651323,0.626099
99,train,protein,raw,10,128,3.124578,0.048960,0.966902,0.021889,0.587481
99,train,plastic,raw,10,128,6.355653,0.243125,0.780788,0.246238,0.671736
99,val,protein,raw,10,128,2.944437,0.041558,0.967546,0.028810,0.793411
99,val,plastic,raw,10,128,5.924395,0.282523,0.625501,0.381565,0.548806
99,val,protein,raw,10,128,3.069292,0.044746,0.969869,0.026313,0.788222
99,val,plastic,raw,10,128,6.183511,0.262893,0.673189,0.364383,0.543927
100,train,protein,raw,10,128,3.103622,0.047974,0.971176,0.019131,0.515942
100,train,plastic,raw,10,128,6.104049,0.384886,0.272627,0.660499,0.717732
100,train,protein,raw,10,128,3.030050,0.044836,0.975739,0.017692,0.677400
100,train,plastic,raw,10,128,6.070922,0.242349,0.729120,0.259018,0.484658
100,val,protein,raw,10,128,2.972447,0.041410,0.968572,0.027703,0.790727
100,val,plastic,raw,10,128,6.586621,0.476173,0.122699,0.713520,0.710121
100,val,protein,raw,10,128,3.101707,0.044632,0.970720,0.025473,0.786206
100,val,plastic,raw,10,128,6.071802,0.394865,0.260773,0.600675,0.527887
